#
# There is insufficient memory for the Java Runtime Environment to continue.
# Native memory allocation (mmap) failed to map 1711276032 bytes. Error detail: G1 virtual space
# Possible reasons:
#   The system is out of physical RAM or swap space
#   This process is running with CompressedOops enabled, and the Java Heap may be blocking the growth of the native heap
# Possible solutions:
#   Reduce memory load on the system
#   Increase physical memory or swap space
#   Check if swap backing store is full
#   Decrease Java heap size (-Xmx/-Xms)
#   Decrease number of Java threads
#   Decrease Java thread stack sizes (-Xss)
#   Set larger code cache with -XX:ReservedCodeCacheSize=
#   JVM is running with Zero Based Compressed Oops mode in which the Java heap is
#     placed in the first 32GB address space. The Java Heap base address is the
#     maximum limit for the native heap growth. Please use -XX:HeapBaseMinAddress
#     to set the Java Heap base and to place the Java Heap above 32GB virtual address.
# This output file may be truncated or incomplete.
#
#  Out of Memory Error (os_windows.cpp:3926), pid=34048, tid=36232
#
# JRE version: OpenJDK Runtime Environment (21.0.10) (build 21.0.10+-14961533-b1163.108)
# Java VM: OpenJDK 64-Bit Server VM (21.0.10+-14961533-b1163.108, mixed mode, tiered, compressed oops, compressed class ptrs, g1 gc, windows-amd64)
# No core dump will be written. Minidumps are not enabled by default on client versions of Windows
#

---------------  S U M M A R Y ------------

Command Line: --add-opens=java.base/java.lang=ALL-UNNAMED --add-opens=java.base/java.lang.invoke=ALL-UNNAMED --add-opens=java.base/java.util=ALL-UNNAMED --add-opens=java.prefs/java.util.prefs=ALL-UNNAMED --add-exports=jdk.compiler/com.sun.tools.javac.api=ALL-UNNAMED --add-exports=jdk.compiler/com.sun.tools.javac.util=ALL-UNNAMED --add-opens=java.base/java.util=ALL-UNNAMED --add-opens=java.prefs/java.util.prefs=ALL-UNNAMED --add-opens=java.base/java.nio.charset=ALL-UNNAMED --add-opens=java.base/java.net=ALL-UNNAMED --add-opens=java.base/java.util.concurrent.atomic=ALL-UNNAMED --add-opens=java.xml/javax.xml.namespace=ALL-UNNAMED -XX:MaxMetaspaceSize=4G -XX:ReservedCodeCacheSize=512m -XX:+HeapDumpOnOutOfMemoryError -Xmx8G -Dfile.encoding=UTF-8 -Duser.country=US -Duser.language=en -Duser.variant -javaagent:C:\Users\toka_\.gradle\wrapper\dists\gradle-8.11.1-all\2qik7nd48slq1ooc2496ixf4i\gradle-8.11.1\lib\agents\gradle-instrumentation-agent-8.11.1.jar org.gradle.launcher.daemon.bootstrap.GradleDaemon 8.11.1

Host: 12th Gen Intel(R) Core(TM) i7-12650H, 16 cores, 15G,  Windows 11 , 64 bit Build 26100 (10.0.26100.8521)
Time: Mon Jun  1 01:48:57 2026 Egypt Daylight Time elapsed time: 27074.106941 seconds (0d 7h 31m 14s)

---------------  T H R E A D  ---------------

Current thread (0x0000024046baf470):  VMThread "VM Thread"          [id=36232, stack(0x0000006713800000,0x0000006713900000) (1024K)]

Stack: [0x0000006713800000,0x0000006713900000]
Native frames: (J=compiled Java code, j=interpreted, Vv=VM code, C=native code)
V  [jvm.dll+0x6d78a9]
V  [jvm.dll+0x8665b3]
V  [jvm.dll+0x868bde]
V  [jvm.dll+0x8692c3]
V  [jvm.dll+0x280ee6]
V  [jvm.dll+0x6d4165]
V  [jvm.dll+0x6c77fa]
V  [jvm.dll+0x358f4b]
V  [jvm.dll+0x360bc6]
V  [jvm.dll+0x3b2ea6]
V  [jvm.dll+0x3b3178]
V  [jvm.dll+0x32b65c]
V  [jvm.dll+0x32b6e7]
V  [jvm.dll+0x3715cc]
V  [jvm.dll+0x36fd7e]
V  [jvm.dll+0x32adb1]
V  [jvm.dll+0x36f480]
V  [jvm.dll+0x86f048]
V  [jvm.dll+0x870394]
V  [jvm.dll+0x8708d0]
V  [jvm.dll+0x870b63]
V  [jvm.dll+0x80fd28]
V  [jvm.dll+0x6d60fd]
C  [ucrtbase.dll+0x2cd30]
C  [KERNEL32.DLL+0x2e957]
C  [ntdll.dll+0x87c1c]

VM_Operation (0x00000067188fe2a0): G1CollectForAllocation, mode: safepoint, requested by thread 0x0000024050278e00


---------------  P R O C E S S  ---------------

Threads class SMR info:
_java_thread_list=0x000002404e26c640, length=239, elements={
0x0000024015e531c0, 0x0000024046c2eb50, 0x0000024046c5d100, 0x0000024046c5df70,
0x0000024046c762c0, 0x0000024046c76d20, 0x0000024046c77b90, 0x0000024046c5ec30,
0x0000024046c65130, 0x0000024046c79320, 0x000002404b013a90, 0x000002404d161f20,
0x000002404d1632d0, 0x000002404d1625b0, 0x000002404da867c0, 0x000002404da87b70,
0x000002404da88890, 0x000002404da88f20, 0x000002404da8ca30, 0x000002404da8b680,
0x000002404f2f83f0, 0x000002405142a7a0, 0x0000024059309c90, 0x0000024059310590,
0x0000024059310c20, 0x000002405930ff00, 0x000002405930e4c0, 0x00000240593112b0,
0x000002405930f870, 0x000002405930f1e0, 0x000002405930de30, 0x0000024059312660,
0x00000240593140a0, 0x0000024059313a10, 0x0000024059314dc0, 0x0000024059311940,
0x0000024059312cf0, 0x0000024058ac6080, 0x00000240595cc700, 0x00000240633a9b00,
0x00000240623d5a50, 0x000002405a99d3f0, 0x000002405a99cd60, 0x000002405a99b9b0,
0x0000024057b0ffe0, 0x00000240505cfa20, 0x00000240505cdfe0, 0x00000240505cc5a0,
0x00000240505ce670, 0x00000240505ced00, 0x00000240505ccc30, 0x00000240505cf390,
0x000002405737e8c0, 0x000002405737d510, 0x00000240573fab20, 0x00000240573fd910,
0x00000240573fa490, 0x00000240573fbed0, 0x00000240573fc560, 0x00000240573fb1b0,
0x00000240573fcbf0, 0x00000240573fd280, 0x000002404ed50880, 0x000002404ed50f10,
0x000002404ed515a0, 0x000002404ed51c30, 0x000002404ed52950, 0x000002406d846ad0,
0x00000240509d1f50, 0x00000240509d4020, 0x00000240509d25e0, 0x0000024059e1e140,
0x0000024059e20210, 0x0000024057921180, 0x0000024057920460, 0x000002406d845090,
0x000002406d843ce0, 0x000002406d845720, 0x000002406d845db0, 0x000002406d846440,
0x000002406d844370, 0x000002406d843650, 0x0000024057b0f2c0, 0x0000024057b11a20,
0x0000024057b10670, 0x0000024050279b20, 0x000002405027a1b0, 0x000002405027bbf0,
0x000002405027a840, 0x0000024050278e00, 0x0000024050279490, 0x0000024059ed54a0,
0x0000024059ed4e10, 0x0000024059ed40f0, 0x0000024059ed6850, 0x0000024059ed5b30,
0x0000024059ed61c0, 0x0000024059ed33d0, 0x000002404e91bad0, 0x000002404e91c7f0,
0x000002404e252800, 0x000002404e252e90, 0x000002404e2548d0, 0x000002404e251450,
0x000002404e251ae0, 0x000002404e252170, 0x000002404e253520, 0x000002404e254240,
0x000002405ab3f4a0, 0x000002405ab3e0f0, 0x000002405ab3ee10, 0x00000240594cf390,
0x00000240594cfa20, 0x00000240594d00b0, 0x000002405791ea20, 0x00000240517e1a10,
0x000002404fb0dc10, 0x000002404fb0f650, 0x000002404fb10370, 0x000002404fb0e930,
0x000002404fb10a00, 0x000002404fb0efc0, 0x000002404fb0e2a0, 0x000002404fb0d580,
0x000002404fb0fce0, 0x00000240580b1300, 0x00000240580b2d40, 0x00000240580b0c70,
0x00000240580aff50, 0x00000240580b1990, 0x00000240580b2020, 0x00000240580b26b0,
0x00000240509d46b0, 0x00000240509d4d40, 0x00000240509d2c70, 0x00000240509d3300,
0x00000240509d3990, 0x0000024057d4ba70, 0x0000024057d4ad50, 0x0000024057d49310,
0x0000024057d4a030, 0x0000024057d4a6c0, 0x0000024057d4b3e0, 0x0000024057d48c80,
0x000002404f8b38c0, 0x000002404f8b3f50, 0x000002404f8b4c70, 0x00000240594d0740,
0x00000240594d0dd0, 0x000002404f8b5990, 0x000002404f8b3230, 0x000002404f8b6020,
0x000002406c828160, 0x000002406c826db0, 0x000002406c827440, 0x000002405d7170f0,
0x000002405d717e10, 0x000002405ccb87c0, 0x000002405ccb8130, 0x000002405ccb6d80,
0x000002405ccb7410, 0x00000240588fa540, 0x0000024057b11390, 0x0000024057b0f950,
0x0000024057b12740, 0x0000024057b10d00, 0x0000024057d13ef0, 0x0000024057d11100,
0x0000024057d11790, 0x0000024057d124b0, 0x0000024057d12b40, 0x0000024057d13860,
0x0000024057d131d0, 0x0000024057d10a70, 0x0000024057d11e20, 0x000002404fd41360,
0x000002404fd40640, 0x000002404fd3f920, 0x00000240580b05e0, 0x00000240580b33d0,
0x0000024059df2160, 0x0000024059df0720, 0x000002405ccb7aa0, 0x000002405ccb66f0,
0x000002405ccb8e50, 0x000002405ccb94e0, 0x000002405ccb6060, 0x000002406b789430,
0x000002406b789ac0, 0x000002406b7879f0, 0x000002406b788da0, 0x000002406b788080,
0x000002406b78a150, 0x0000024057921810, 0x0000024057920af0, 0x000002406434aab0,
0x000002406434b140, 0x0000024064347cc0, 0x0000024064348350, 0x00000240643489e0,
0x000002405acea440, 0x000002405ace9db0, 0x00000240594d1460, 0x00000240594ce670,
0x00000240594cdfe0, 0x00000240573fb840, 0x000002405985a3e0, 0x0000024059859d50,
0x000002404e91a090, 0x000002404e91a720, 0x000002405a99e110, 0x000002405a99c040,
0x000002405a99ac90, 0x000002405a99b320, 0x000002405a99c6d0, 0x0000024057da2950,
0x0000024057da2fe0, 0x0000024057da3670, 0x0000024057da01f0, 0x0000024057da22c0,
0x0000024057da0880, 0x0000024057da0f10, 0x0000024057da15a0, 0x0000024058ac7ac0,
0x0000024058ac87e0, 0x0000024058ac6710, 0x0000024058ac8150, 0x0000024058ac6da0,
0x0000024058ac8e70, 0x000002406b788710, 0x000002406b78a7e0, 0x000002406b787360,
0x000002404e91dba0, 0x0000024062a35480, 0x0000024059ed3a60, 0x0000024058ac9500,
0x0000024058ac7430, 0x000002406337a6f0, 0x000002406337b410
}

Java Threads: ( => current thread )
  0x0000024015e531c0 JavaThread "main"                              [_thread_blocked, id=19672, stack(0x0000006713100000,0x0000006713200000) (1024K)]
  0x0000024046c2eb50 JavaThread "Common-Cleaner"             daemon [_thread_blocked, id=8744, stack(0x0000006713900000,0x0000006713a00000) (1024K)]
  0x0000024046c5d100 JavaThread "Reference Handler"          daemon [_thread_blocked, id=27308, stack(0x0000006713a00000,0x0000006713b00000) (1024K)]
  0x0000024046c5df70 JavaThread "Finalizer"                  daemon [_thread_blocked, id=13756, stack(0x0000006713b00000,0x0000006713c00000) (1024K)]
  0x0000024046c762c0 JavaThread "Signal Dispatcher"          daemon [_thread_blocked, id=27108, stack(0x0000006713c00000,0x0000006713d00000) (1024K)]
  0x0000024046c76d20 JavaThread "Attach Listener"            daemon [_thread_blocked, id=14080, stack(0x0000006713d00000,0x0000006713e00000) (1024K)]
  0x0000024046c77b90 JavaThread "Service Thread"             daemon [_thread_blocked, id=7096, stack(0x0000006713e00000,0x0000006713f00000) (1024K)]
  0x0000024046c5ec30 JavaThread "Monitor Deflation Thread"   daemon [_thread_blocked, id=23252, stack(0x0000006713f00000,0x0000006714000000) (1024K)]
  0x0000024046c65130 JavaThread "C2 CompilerThread0"         daemon [_thread_blocked, id=26716, stack(0x0000006714000000,0x0000006714100000) (1024K)]
  0x0000024046c79320 JavaThread "C1 CompilerThread0"         daemon [_thread_blocked, id=35076, stack(0x0000006714100000,0x0000006714200000) (1024K)]
  0x000002404b013a90 JavaThread "Notification Thread"        daemon [_thread_blocked, id=33324, stack(0x0000006714400000,0x0000006714500000) (1024K)]
  0x000002404d161f20 JavaThread "Daemon health stats"               [_thread_blocked, id=500, stack(0x0000006714c00000,0x0000006714d00000) (1024K)]
  0x000002404d1632d0 JavaThread "Incoming local TCP Connector on port 57010"        [_thread_in_native, id=20512, stack(0x0000006714e00000,0x0000006714f00000) (1024K)]
  0x000002404d1625b0 JavaThread "Daemon periodic checks"            [_thread_blocked, id=32560, stack(0x0000006714f00000,0x0000006715000000) (1024K)]
  0x000002404da867c0 JavaThread "Cache worker for journal cache (C:\Users\toka_\.gradle\caches\journal-1)"        [_thread_blocked, id=21620, stack(0x0000006716000000,0x0000006716100000) (1024K)]
  0x000002404da87b70 JavaThread "File lock request listener"        [_thread_in_native, id=14772, stack(0x0000006716100000,0x0000006716200000) (1024K)]
  0x000002404da88890 JavaThread "Cache worker for file hash cache (C:\Users\toka_\.gradle\caches\8.11.1\fileHashes)"        [_thread_blocked, id=15872, stack(0x0000006716200000,0x0000006716300000) (1024K)]
  0x000002404da88f20 JavaThread "Cache worker for file content cache (C:\Users\toka_\.gradle\caches\8.11.1\fileContent)"        [_thread_blocked, id=25148, stack(0x0000006716300000,0x0000006716400000) (1024K)]
  0x000002404da8ca30 JavaThread "File watcher server"        daemon [_thread_blocked, id=30964, stack(0x0000006716700000,0x0000006716800000) (1024K)]
  0x000002404da8b680 JavaThread "File watcher consumer"      daemon [_thread_blocked, id=27616, stack(0x0000006716800000,0x0000006716900000) (1024K)]
  0x000002404f2f83f0 JavaThread "Memory manager"                    [_thread_blocked, id=13024, stack(0x0000006719b00000,0x0000006719c00000) (1024K)]
  0x000002405142a7a0 JavaThread "jar transforms"                    [_thread_blocked, id=8540, stack(0x0000006720900000,0x0000006720a00000) (1024K)]
  0x0000024059309c90 JavaThread "jar transforms Thread 2"           [_thread_blocked, id=4680, stack(0x0000006722200000,0x0000006722300000) (1024K)]
  0x0000024059310590 JavaThread "jar transforms Thread 3"           [_thread_blocked, id=35064, stack(0x0000006722400000,0x0000006722500000) (1024K)]
  0x0000024059310c20 JavaThread "jar transforms Thread 4"           [_thread_blocked, id=36536, stack(0x0000006722500000,0x0000006722600000) (1024K)]
  0x000002405930ff00 JavaThread "jar transforms Thread 5"           [_thread_blocked, id=33700, stack(0x0000006722600000,0x0000006722700000) (1024K)]
  0x000002405930e4c0 JavaThread "jar transforms Thread 6"           [_thread_blocked, id=25676, stack(0x0000006722700000,0x0000006722800000) (1024K)]
  0x00000240593112b0 JavaThread "jar transforms Thread 7"           [_thread_blocked, id=19520, stack(0x0000006722800000,0x0000006722900000) (1024K)]
  0x000002405930f870 JavaThread "jar transforms Thread 8"           [_thread_blocked, id=4500, stack(0x0000006722900000,0x0000006722a00000) (1024K)]
  0x000002405930f1e0 JavaThread "jar transforms Thread 9"           [_thread_blocked, id=24996, stack(0x0000006722a00000,0x0000006722b00000) (1024K)]
  0x000002405930de30 JavaThread "jar transforms Thread 10"          [_thread_blocked, id=7296, stack(0x0000006722b00000,0x0000006722c00000) (1024K)]
  0x0000024059312660 JavaThread "jar transforms Thread 11"          [_thread_blocked, id=3116, stack(0x0000006722c00000,0x0000006722d00000) (1024K)]
  0x00000240593140a0 JavaThread "jar transforms Thread 12"          [_thread_blocked, id=27672, stack(0x0000006722d00000,0x0000006722e00000) (1024K)]
  0x0000024059313a10 JavaThread "jar transforms Thread 13"          [_thread_blocked, id=11932, stack(0x0000006723000000,0x0000006723100000) (1024K)]
  0x0000024059314dc0 JavaThread "jar transforms Thread 14"          [_thread_blocked, id=15660, stack(0x0000006723100000,0x0000006723200000) (1024K)]
  0x0000024059311940 JavaThread "jar transforms Thread 15"          [_thread_blocked, id=21632, stack(0x0000006723200000,0x0000006723300000) (1024K)]
  0x0000024059312cf0 JavaThread "jar transforms Thread 16"          [_thread_blocked, id=34896, stack(0x0000006723300000,0x0000006723400000) (1024K)]
  0x0000024058ac6080 JavaThread "Cache worker for Java compile cache (C:\Users\toka_\.gradle\caches\8.11.1\javaCompile)"        [_thread_blocked, id=38340, stack(0x0000006723700000,0x0000006723800000) (1024K)]
  0x00000240595cc700 JavaThread "RMI Scheduler(0)"           daemon [_thread_blocked, id=8256, stack(0x000000671d300000,0x000000671d400000) (1024K)]
  0x00000240633a9b00 JavaThread "RMI TCP Accept-0"           daemon [_thread_in_native, id=30136, stack(0x0000006725b00000,0x0000006725c00000) (1024K)]
  0x00000240623d5a50 JavaThread "Daemon Thread 11"                  [_thread_blocked, id=31092, stack(0x0000006712e00000,0x0000006712f00000) (1024K)]
  0x000002405a99d3f0 JavaThread "Handler for socket connection from /127.0.0.1:57010 to /127.0.0.1:51705"        [_thread_in_native, id=24736, stack(0x0000006712f00000,0x0000006713000000) (1024K)]
  0x000002405a99cd60 JavaThread "Cancel handler"                    [_thread_blocked, id=2744, stack(0x0000006713000000,0x0000006713100000) (1024K)]
  0x000002405a99b9b0 JavaThread "Daemon worker Thread 11"           [_thread_blocked, id=37812, stack(0x0000006714200000,0x0000006714300000) (1024K)]
  0x0000024057b0ffe0 JavaThread "Asynchronous log dispatcher for DefaultDaemonConnection: socket connection from /127.0.0.1:57010 to /127.0.0.1:51705"        [_thread_blocked, id=28624, stack(0x0000006714300000,0x0000006714400000) (1024K)]
  0x00000240505cfa20 JavaThread "Stdin handler"                     [_thread_blocked, id=39388, stack(0x0000006714500000,0x0000006714600000) (1024K)]
  0x00000240505cdfe0 JavaThread "Daemon client event forwarder"        [_thread_blocked, id=13956, stack(0x0000006714600000,0x0000006714700000) (1024K)]
  0x00000240505cc5a0 JavaThread "Cache worker for file hash cache (D:\XamppPhp8.2\htdocs\arena-team-app\android\.gradle\8.11.1\fileHashes)"        [_thread_blocked, id=5096, stack(0x0000006714d00000,0x0000006714e00000) (1024K)]
  0x00000240505ce670 JavaThread "Cache worker for Build Output Cleanup Cache (D:\XamppPhp8.2\htdocs\arena-team-app\android\.gradle\buildOutputCleanup)"        [_thread_blocked, id=30848, stack(0x0000006715000000,0x0000006715100000) (1024K)]
  0x00000240505ced00 JavaThread "Cache worker for checksums cache (D:\XamppPhp8.2\htdocs\arena-team-app\android\.gradle\8.11.1\checksums)"        [_thread_blocked, id=36436, stack(0x0000006715100000,0x0000006715200000) (1024K)]
  0x00000240505ccc30 JavaThread "Cache worker for cache directory md-rule (C:\Users\toka_\.gradle\caches\8.11.1\md-rule)"        [_thread_blocked, id=35344, stack(0x0000006715200000,0x0000006715300000) (1024K)]
  0x00000240505cf390 JavaThread "Cache worker for cache directory md-supplier (C:\Users\toka_\.gradle\caches\8.11.1\md-supplier)"        [_thread_blocked, id=40876, stack(0x0000006715300000,0x0000006715400000) (1024K)]
  0x000002405737e8c0 JavaThread "Cache worker for Build Output Cleanup Cache (D:\flutter\packages\flutter_tools\gradle\.gradle\buildOutputCleanup)"        [_thread_blocked, id=34920, stack(0x0000006715400000,0x0000006715500000) (1024K)]
  0x000002405737d510 JavaThread "Unconstrained build operations"        [_thread_blocked, id=504, stack(0x0000006715500000,0x0000006715600000) (1024K)]
  0x00000240573fab20 JavaThread "Unconstrained build operations Thread 2"        [_thread_blocked, id=15068, stack(0x0000006715600000,0x0000006715700000) (1024K)]
  0x00000240573fd910 JavaThread "Unconstrained build operations Thread 3"        [_thread_blocked, id=6504, stack(0x0000006716400000,0x0000006716500000) (1024K)]
  0x00000240573fa490 JavaThread "Unconstrained build operations Thread 4"        [_thread_blocked, id=21456, stack(0x0000006716500000,0x0000006716600000) (1024K)]
  0x00000240573fbed0 JavaThread "Unconstrained build operations Thread 5"        [_thread_blocked, id=36636, stack(0x0000006716600000,0x0000006716700000) (1024K)]
  0x00000240573fc560 JavaThread "Unconstrained build operations Thread 6"        [_thread_blocked, id=41844, stack(0x0000006716900000,0x0000006716a00000) (1024K)]
  0x00000240573fb1b0 JavaThread "Unconstrained build operations Thread 7"        [_thread_blocked, id=40660, stack(0x0000006716a00000,0x0000006716b00000) (1024K)]
  0x00000240573fcbf0 JavaThread "Unconstrained build operations Thread 8"        [_thread_blocked, id=5804, stack(0x0000006716b00000,0x0000006716c00000) (1024K)]
  0x00000240573fd280 JavaThread "Unconstrained build operations Thread 9"        [_thread_blocked, id=25720, stack(0x0000006716c00000,0x0000006716d00000) (1024K)]
  0x000002404ed50880 JavaThread "Unconstrained build operations Thread 10"        [_thread_blocked, id=37972, stack(0x0000006716d00000,0x0000006716e00000) (1024K)]
  0x000002404ed50f10 JavaThread "Unconstrained build operations Thread 11"        [_thread_blocked, id=31764, stack(0x0000006716e00000,0x0000006716f00000) (1024K)]
  0x000002404ed515a0 JavaThread "Unconstrained build operations Thread 12"        [_thread_blocked, id=38168, stack(0x0000006716f00000,0x0000006717000000) (1024K)]
  0x000002404ed51c30 JavaThread "Unconstrained build operations Thread 13"        [_thread_blocked, id=19592, stack(0x0000006717000000,0x0000006717100000) (1024K)]
  0x000002404ed52950 JavaThread "Unconstrained build operations Thread 14"        [_thread_blocked, id=31260, stack(0x0000006717100000,0x0000006717200000) (1024K)]
  0x000002406d846ad0 JavaThread "Unconstrained build operations Thread 15"        [_thread_blocked, id=14764, stack(0x0000006717200000,0x0000006717300000) (1024K)]
  0x00000240509d1f50 JavaThread "Unconstrained build operations Thread 16"        [_thread_blocked, id=22628, stack(0x0000006717300000,0x0000006717400000) (1024K)]
  0x00000240509d4020 JavaThread "Unconstrained build operations Thread 17"        [_thread_blocked, id=26332, stack(0x0000006717400000,0x0000006717500000) (1024K)]
  0x00000240509d25e0 JavaThread "Unconstrained build operations Thread 18"        [_thread_blocked, id=31316, stack(0x0000006717500000,0x0000006717600000) (1024K)]
  0x0000024059e1e140 JavaThread "Unconstrained build operations Thread 19"        [_thread_blocked, id=24912, stack(0x0000006717600000,0x0000006717700000) (1024K)]
  0x0000024059e20210 JavaThread "Unconstrained build operations Thread 20"        [_thread_blocked, id=31920, stack(0x0000006717700000,0x0000006717800000) (1024K)]
  0x0000024057921180 JavaThread "Unconstrained build operations Thread 21"        [_thread_blocked, id=17016, stack(0x0000006717800000,0x0000006717900000) (1024K)]
  0x0000024057920460 JavaThread "Unconstrained build operations Thread 22"        [_thread_blocked, id=34248, stack(0x0000006717900000,0x0000006717a00000) (1024K)]
  0x000002406d845090 JavaThread "Unconstrained build operations Thread 23"        [_thread_blocked, id=30020, stack(0x0000006717a00000,0x0000006717b00000) (1024K)]
  0x000002406d843ce0 JavaThread "Unconstrained build operations Thread 24"        [_thread_blocked, id=34460, stack(0x0000006717b00000,0x0000006717c00000) (1024K)]
  0x000002406d845720 JavaThread "Unconstrained build operations Thread 25"        [_thread_blocked, id=33728, stack(0x0000006717c00000,0x0000006717d00000) (1024K)]
  0x000002406d845db0 JavaThread "Unconstrained build operations Thread 26"        [_thread_blocked, id=13320, stack(0x0000006717d00000,0x0000006717e00000) (1024K)]
  0x000002406d846440 JavaThread "Unconstrained build operations Thread 27"        [_thread_blocked, id=40496, stack(0x0000006717e00000,0x0000006717f00000) (1024K)]
  0x000002406d844370 JavaThread "Unconstrained build operations Thread 28"        [_thread_blocked, id=35200, stack(0x0000006717f00000,0x0000006718000000) (1024K)]
  0x000002406d843650 JavaThread "Unconstrained build operations Thread 29"        [_thread_blocked, id=38948, stack(0x0000006718000000,0x0000006718100000) (1024K)]
  0x0000024057b0f2c0 JavaThread "Unconstrained build operations Thread 30"        [_thread_blocked, id=15276, stack(0x0000006718100000,0x0000006718200000) (1024K)]
  0x0000024057b11a20 JavaThread "build event listener"              [_thread_blocked, id=4392, stack(0x0000006718200000,0x0000006718300000) (1024K)]
  0x0000024057b10670 JavaThread "included builds"                   [_thread_blocked, id=35692, stack(0x0000006718300000,0x0000006718400000) (1024K)]
  0x0000024050279b20 JavaThread "Execution worker"                  [_thread_blocked, id=32140, stack(0x0000006718400000,0x0000006718500000) (1024K)]
  0x000002405027a1b0 JavaThread "Execution worker Thread 2"         [_thread_blocked, id=34028, stack(0x0000006718500000,0x0000006718600000) (1024K)]
  0x000002405027bbf0 JavaThread "Execution worker Thread 3"         [_thread_blocked, id=38920, stack(0x0000006718600000,0x0000006718700000) (1024K)]
  0x000002405027a840 JavaThread "Execution worker Thread 4"         [_thread_blocked, id=20116, stack(0x0000006718700000,0x0000006718800000) (1024K)]
  0x0000024050278e00 JavaThread "Execution worker Thread 5"         [_thread_blocked, id=39672, stack(0x0000006718800000,0x0000006718900000) (1024K)]
  0x0000024050279490 JavaThread "Execution worker Thread 6"         [_thread_blocked, id=40384, stack(0x0000006718900000,0x0000006718a00000) (1024K)]
  0x0000024059ed54a0 JavaThread "Execution worker Thread 7"         [_thread_blocked, id=38320, stack(0x0000006718a00000,0x0000006718b00000) (1024K)]
  0x0000024059ed4e10 JavaThread "Execution worker Thread 8"         [_thread_blocked, id=9392, stack(0x0000006718b00000,0x0000006718c00000) (1024K)]
  0x0000024059ed40f0 JavaThread "Execution worker Thread 9"         [_thread_blocked, id=14032, stack(0x0000006718c00000,0x0000006718d00000) (1024K)]
  0x0000024059ed6850 JavaThread "Execution worker Thread 10"        [_thread_blocked, id=30544, stack(0x0000006718d00000,0x0000006718e00000) (1024K)]
  0x0000024059ed5b30 JavaThread "Execution worker Thread 11"        [_thread_blocked, id=41384, stack(0x0000006718e00000,0x0000006718f00000) (1024K)]
  0x0000024059ed61c0 JavaThread "Execution worker Thread 12"        [_thread_blocked, id=34592, stack(0x0000006718f00000,0x0000006719000000) (1024K)]
  0x0000024059ed33d0 JavaThread "Execution worker Thread 13"        [_thread_blocked, id=4612, stack(0x0000006719000000,0x0000006719100000) (1024K)]
  0x000002404e91bad0 JavaThread "Execution worker Thread 14"        [_thread_blocked, id=41616, stack(0x0000006719100000,0x0000006719200000) (1024K)]
  0x000002404e91c7f0 JavaThread "Execution worker Thread 15"        [_thread_blocked, id=35004, stack(0x0000006719200000,0x0000006719300000) (1024K)]
  0x000002404e252800 JavaThread "Cache worker for execution history cache (D:\flutter\packages\flutter_tools\gradle\.gradle\8.11.1\executionHistory)"        [_thread_blocked, id=34952, stack(0x0000006719300000,0x0000006719400000) (1024K)]
  0x000002404e252e90 JavaThread "Unconstrained build operations Thread 31"        [_thread_blocked, id=11464, stack(0x0000006719400000,0x0000006719500000) (1024K)]
  0x000002404e2548d0 JavaThread "Unconstrained build operations Thread 32"        [_thread_blocked, id=38852, stack(0x0000006719500000,0x0000006719600000) (1024K)]
  0x000002404e251450 JavaThread "Unconstrained build operations Thread 33"        [_thread_blocked, id=24956, stack(0x0000006719600000,0x0000006719700000) (1024K)]
  0x000002404e251ae0 JavaThread "Unconstrained build operations Thread 34"        [_thread_blocked, id=37080, stack(0x0000006719700000,0x0000006719800000) (1024K)]
  0x000002404e252170 JavaThread "Unconstrained build operations Thread 35"        [_thread_blocked, id=6336, stack(0x0000006719800000,0x0000006719900000) (1024K)]
  0x000002404e253520 JavaThread "Unconstrained build operations Thread 36"        [_thread_blocked, id=14052, stack(0x0000006719900000,0x0000006719a00000) (1024K)]
  0x000002404e254240 JavaThread "Unconstrained build operations Thread 37"        [_thread_blocked, id=31756, stack(0x0000006719a00000,0x0000006719b00000) (1024K)]
  0x000002405ab3f4a0 JavaThread "Unconstrained build operations Thread 38"        [_thread_blocked, id=39000, stack(0x0000006719c00000,0x0000006719d00000) (1024K)]
  0x000002405ab3e0f0 JavaThread "Unconstrained build operations Thread 39"        [_thread_blocked, id=36268, stack(0x0000006719d00000,0x0000006719e00000) (1024K)]
  0x000002405ab3ee10 JavaThread "Unconstrained build operations Thread 40"        [_thread_blocked, id=38460, stack(0x0000006719e00000,0x0000006719f00000) (1024K)]
  0x00000240594cf390 JavaThread "Unconstrained build operations Thread 41"        [_thread_blocked, id=31964, stack(0x0000006719f00000,0x000000671a000000) (1024K)]
  0x00000240594cfa20 JavaThread "Unconstrained build operations Thread 42"        [_thread_blocked, id=29340, stack(0x000000671a000000,0x000000671a100000) (1024K)]
  0x00000240594d00b0 JavaThread "Unconstrained build operations Thread 43"        [_thread_blocked, id=19700, stack(0x000000671a100000,0x000000671a200000) (1024K)]
  0x000002405791ea20 JavaThread "Unconstrained build operations Thread 44"        [_thread_blocked, id=34676, stack(0x000000671a200000,0x000000671a300000) (1024K)]
  0x00000240517e1a10 JavaThread "Unconstrained build operations Thread 45"        [_thread_blocked, id=12868, stack(0x000000671a300000,0x000000671a400000) (1024K)]
  0x000002404fb0dc10 JavaThread "Unconstrained build operations Thread 46"        [_thread_blocked, id=37744, stack(0x000000671a400000,0x000000671a500000) (1024K)]
  0x000002404fb0f650 JavaThread "Unconstrained build operations Thread 47"        [_thread_blocked, id=15912, stack(0x000000671a500000,0x000000671a600000) (1024K)]
  0x000002404fb10370 JavaThread "Unconstrained build operations Thread 48"        [_thread_blocked, id=39196, stack(0x000000671a600000,0x000000671a700000) (1024K)]
  0x000002404fb0e930 JavaThread "Unconstrained build operations Thread 49"        [_thread_blocked, id=27424, stack(0x000000671a700000,0x000000671a800000) (1024K)]
  0x000002404fb10a00 JavaThread "Unconstrained build operations Thread 50"        [_thread_blocked, id=32780, stack(0x000000671a800000,0x000000671a900000) (1024K)]
  0x000002404fb0efc0 JavaThread "Unconstrained build operations Thread 51"        [_thread_blocked, id=29072, stack(0x000000671a900000,0x000000671aa00000) (1024K)]
  0x000002404fb0e2a0 JavaThread "Unconstrained build operations Thread 52"        [_thread_blocked, id=23832, stack(0x000000671aa00000,0x000000671ab00000) (1024K)]
  0x000002404fb0d580 JavaThread "Unconstrained build operations Thread 53"        [_thread_blocked, id=23564, stack(0x000000671ab00000,0x000000671ac00000) (1024K)]
  0x000002404fb0fce0 JavaThread "Unconstrained build operations Thread 54"        [_thread_blocked, id=38904, stack(0x000000671ac00000,0x000000671ad00000) (1024K)]
  0x00000240580b1300 JavaThread "Unconstrained build operations Thread 55"        [_thread_blocked, id=25976, stack(0x000000671ad00000,0x000000671ae00000) (1024K)]
  0x00000240580b2d40 JavaThread "Unconstrained build operations Thread 56"        [_thread_blocked, id=37476, stack(0x000000671ae00000,0x000000671af00000) (1024K)]
  0x00000240580b0c70 JavaThread "Unconstrained build operations Thread 57"        [_thread_blocked, id=37460, stack(0x000000671af00000,0x000000671b000000) (1024K)]
  0x00000240580aff50 JavaThread "Unconstrained build operations Thread 58"        [_thread_blocked, id=22148, stack(0x000000671b000000,0x000000671b100000) (1024K)]
  0x00000240580b1990 JavaThread "Unconstrained build operations Thread 59"        [_thread_blocked, id=35868, stack(0x000000671b100000,0x000000671b200000) (1024K)]
  0x00000240580b2020 JavaThread "Unconstrained build operations Thread 60"        [_thread_blocked, id=23496, stack(0x000000671b200000,0x000000671b300000) (1024K)]
  0x00000240580b26b0 JavaThread "Unconstrained build operations Thread 61"        [_thread_blocked, id=28680, stack(0x000000671b300000,0x000000671b400000) (1024K)]
  0x00000240509d46b0 JavaThread "Unconstrained build operations Thread 62"        [_thread_blocked, id=38152, stack(0x000000671b400000,0x000000671b500000) (1024K)]
  0x00000240509d4d40 JavaThread "Unconstrained build operations Thread 63"        [_thread_blocked, id=40996, stack(0x000000671b500000,0x000000671b600000) (1024K)]
  0x00000240509d2c70 JavaThread "Unconstrained build operations Thread 64"        [_thread_blocked, id=35632, stack(0x000000671b600000,0x000000671b700000) (1024K)]
  0x00000240509d3300 JavaThread "Unconstrained build operations Thread 65"        [_thread_blocked, id=36928, stack(0x000000671b700000,0x000000671b800000) (1024K)]
  0x00000240509d3990 JavaThread "Unconstrained build operations Thread 66"        [_thread_blocked, id=39668, stack(0x000000671b800000,0x000000671b900000) (1024K)]
  0x0000024057d4ba70 JavaThread "Unconstrained build operations Thread 67"        [_thread_blocked, id=25636, stack(0x000000671b900000,0x000000671ba00000) (1024K)]
  0x0000024057d4ad50 JavaThread "Unconstrained build operations Thread 68"        [_thread_blocked, id=1848, stack(0x000000671ba00000,0x000000671bb00000) (1024K)]
  0x0000024057d49310 JavaThread "Unconstrained build operations Thread 69"        [_thread_blocked, id=34684, stack(0x000000671bb00000,0x000000671bc00000) (1024K)]
  0x0000024057d4a030 JavaThread "Unconstrained build operations Thread 70"        [_thread_blocked, id=15072, stack(0x000000671bc00000,0x000000671bd00000) (1024K)]
  0x0000024057d4a6c0 JavaThread "Unconstrained build operations Thread 71"        [_thread_blocked, id=36264, stack(0x000000671bd00000,0x000000671be00000) (1024K)]
  0x0000024057d4b3e0 JavaThread "Unconstrained build operations Thread 72"        [_thread_blocked, id=37280, stack(0x000000671be00000,0x000000671bf00000) (1024K)]
  0x0000024057d48c80 JavaThread "Unconstrained build operations Thread 73"        [_thread_blocked, id=34568, stack(0x000000671bf00000,0x000000671c000000) (1024K)]
  0x000002404f8b38c0 JavaThread "Unconstrained build operations Thread 74"        [_thread_blocked, id=41484, stack(0x000000671c000000,0x000000671c100000) (1024K)]
  0x000002404f8b3f50 JavaThread "Unconstrained build operations Thread 75"        [_thread_blocked, id=23756, stack(0x000000671c100000,0x000000671c200000) (1024K)]
  0x000002404f8b4c70 JavaThread "Unconstrained build operations Thread 76"        [_thread_blocked, id=36172, stack(0x000000671c200000,0x000000671c300000) (1024K)]
  0x00000240594d0740 JavaThread "Unconstrained build operations Thread 77"        [_thread_blocked, id=33880, stack(0x000000671c300000,0x000000671c400000) (1024K)]
  0x00000240594d0dd0 JavaThread "Unconstrained build operations Thread 78"        [_thread_blocked, id=38292, stack(0x000000671c400000,0x000000671c500000) (1024K)]
  0x000002404f8b5990 JavaThread "Unconstrained build operations Thread 79"        [_thread_blocked, id=34432, stack(0x000000671c500000,0x000000671c600000) (1024K)]
  0x000002404f8b3230 JavaThread "Unconstrained build operations Thread 80"        [_thread_blocked, id=18088, stack(0x000000671c600000,0x000000671c700000) (1024K)]
  0x000002404f8b6020 JavaThread "Unconstrained build operations Thread 81"        [_thread_blocked, id=27200, stack(0x000000671c700000,0x000000671c800000) (1024K)]
  0x000002406c828160 JavaThread "Unconstrained build operations Thread 82"        [_thread_blocked, id=34172, stack(0x000000671c800000,0x000000671c900000) (1024K)]
  0x000002406c826db0 JavaThread "Unconstrained build operations Thread 83"        [_thread_blocked, id=39332, stack(0x000000671c900000,0x000000671ca00000) (1024K)]
  0x000002406c827440 JavaThread "Unconstrained build operations Thread 84"        [_thread_blocked, id=35272, stack(0x000000671ca00000,0x000000671cb00000) (1024K)]
  0x000002405d7170f0 JavaThread "Unconstrained build operations Thread 85"        [_thread_blocked, id=39380, stack(0x000000671cb00000,0x000000671cc00000) (1024K)]
  0x000002405d717e10 JavaThread "Unconstrained build operations Thread 86"        [_thread_blocked, id=37168, stack(0x000000671cc00000,0x000000671cd00000) (1024K)]
  0x000002405ccb87c0 JavaThread "Unconstrained build operations Thread 87"        [_thread_blocked, id=35312, stack(0x000000671cd00000,0x000000671ce00000) (1024K)]
  0x000002405ccb8130 JavaThread "Unconstrained build operations Thread 88"        [_thread_blocked, id=12372, stack(0x000000671ce00000,0x000000671cf00000) (1024K)]
  0x000002405ccb6d80 JavaThread "Unconstrained build operations Thread 89"        [_thread_blocked, id=9876, stack(0x000000671cf00000,0x000000671d000000) (1024K)]
  0x000002405ccb7410 JavaThread "Unconstrained build operations Thread 90"        [_thread_blocked, id=31584, stack(0x000000671d000000,0x000000671d100000) (1024K)]
  0x00000240588fa540 JavaThread "Unconstrained build operations Thread 91"        [_thread_blocked, id=8184, stack(0x000000671d100000,0x000000671d200000) (1024K)]
  0x0000024057b11390 JavaThread "build event listener"              [_thread_blocked, id=38104, stack(0x000000671d200000,0x000000671d300000) (1024K)]
  0x0000024057b0f950 JavaThread "Unconstrained build operations Thread 92"        [_thread_blocked, id=27764, stack(0x000000671d700000,0x000000671d800000) (1024K)]
  0x0000024057b12740 JavaThread "Unconstrained build operations Thread 93"        [_thread_blocked, id=19664, stack(0x000000671d800000,0x000000671d900000) (1024K)]
  0x0000024057b10d00 JavaThread "Unconstrained build operations Thread 94"        [_thread_blocked, id=37348, stack(0x000000671d900000,0x000000671da00000) (1024K)]
  0x0000024057d13ef0 JavaThread "Unconstrained build operations Thread 95"        [_thread_blocked, id=30960, stack(0x000000671da00000,0x000000671db00000) (1024K)]
  0x0000024057d11100 JavaThread "Unconstrained build operations Thread 96"        [_thread_blocked, id=17344, stack(0x000000671db00000,0x000000671dc00000) (1024K)]
  0x0000024057d11790 JavaThread "Unconstrained build operations Thread 97"        [_thread_blocked, id=32236, stack(0x000000671dc00000,0x000000671dd00000) (1024K)]
  0x0000024057d124b0 JavaThread "Unconstrained build operations Thread 98"        [_thread_blocked, id=24732, stack(0x000000671dd00000,0x000000671de00000) (1024K)]
  0x0000024057d12b40 JavaThread "Unconstrained build operations Thread 99"        [_thread_blocked, id=5852, stack(0x000000671de00000,0x000000671df00000) (1024K)]
  0x0000024057d13860 JavaThread "Unconstrained build operations Thread 100"        [_thread_blocked, id=32820, stack(0x000000671df00000,0x000000671e000000) (1024K)]
  0x0000024057d131d0 JavaThread "Unconstrained build operations Thread 101"        [_thread_blocked, id=28336, stack(0x000000671e000000,0x000000671e100000) (1024K)]
  0x0000024057d10a70 JavaThread "Unconstrained build operations Thread 102"        [_thread_blocked, id=8324, stack(0x000000671e100000,0x000000671e200000) (1024K)]
  0x0000024057d11e20 JavaThread "Unconstrained build operations Thread 103"        [_thread_blocked, id=39872, stack(0x000000671e200000,0x000000671e300000) (1024K)]
  0x000002404fd41360 JavaThread "Unconstrained build operations Thread 104"        [_thread_blocked, id=32416, stack(0x000000671e300000,0x000000671e400000) (1024K)]
  0x000002404fd40640 JavaThread "Unconstrained build operations Thread 105"        [_thread_blocked, id=28392, stack(0x000000671e400000,0x000000671e500000) (1024K)]
  0x000002404fd3f920 JavaThread "Unconstrained build operations Thread 106"        [_thread_blocked, id=37524, stack(0x000000671e500000,0x000000671e600000) (1024K)]
  0x00000240580b05e0 JavaThread "Unconstrained build operations Thread 107"        [_thread_blocked, id=37536, stack(0x000000671e600000,0x000000671e700000) (1024K)]
  0x00000240580b33d0 JavaThread "Unconstrained build operations Thread 108"        [_thread_blocked, id=32592, stack(0x000000671e700000,0x000000671e800000) (1024K)]
  0x0000024059df2160 JavaThread "Unconstrained build operations Thread 109"        [_thread_blocked, id=15356, stack(0x000000671e800000,0x000000671e900000) (1024K)]
  0x0000024059df0720 JavaThread "Unconstrained build operations Thread 110"        [_thread_blocked, id=37092, stack(0x000000671e900000,0x000000671ea00000) (1024K)]
  0x000002405ccb7aa0 JavaThread "Unconstrained build operations Thread 111"        [_thread_blocked, id=41584, stack(0x000000671ea00000,0x000000671eb00000) (1024K)]
  0x000002405ccb66f0 JavaThread "Unconstrained build operations Thread 112"        [_thread_blocked, id=23844, stack(0x000000671eb00000,0x000000671ec00000) (1024K)]
  0x000002405ccb8e50 JavaThread "Unconstrained build operations Thread 113"        [_thread_blocked, id=39816, stack(0x000000671ec00000,0x000000671ed00000) (1024K)]
  0x000002405ccb94e0 JavaThread "Unconstrained build operations Thread 114"        [_thread_blocked, id=36488, stack(0x000000671ed00000,0x000000671ee00000) (1024K)]
  0x000002405ccb6060 JavaThread "Unconstrained build operations Thread 115"        [_thread_blocked, id=37952, stack(0x000000671ee00000,0x000000671ef00000) (1024K)]
  0x000002406b789430 JavaThread "Unconstrained build operations Thread 116"        [_thread_blocked, id=27612, stack(0x000000671ef00000,0x000000671f000000) (1024K)]
  0x000002406b789ac0 JavaThread "Unconstrained build operations Thread 117"        [_thread_blocked, id=25752, stack(0x000000671f000000,0x000000671f100000) (1024K)]
  0x000002406b7879f0 JavaThread "Unconstrained build operations Thread 118"        [_thread_blocked, id=34132, stack(0x000000671f100000,0x000000671f200000) (1024K)]
  0x000002406b788da0 JavaThread "Unconstrained build operations Thread 119"        [_thread_blocked, id=9064, stack(0x000000671f200000,0x000000671f300000) (1024K)]
  0x000002406b788080 JavaThread "Unconstrained build operations Thread 120"        [_thread_blocked, id=41540, stack(0x000000671f300000,0x000000671f400000) (1024K)]
  0x000002406b78a150 JavaThread "Unconstrained build operations Thread 121"        [_thread_blocked, id=31784, stack(0x000000671f400000,0x000000671f500000) (1024K)]
  0x0000024057921810 JavaThread "Unconstrained build operations Thread 122"        [_thread_blocked, id=20244, stack(0x000000671d400000,0x000000671d500000) (1024K)]
  0x0000024057920af0 JavaThread "Unconstrained build operations Thread 123"        [_thread_blocked, id=28476, stack(0x000000671d500000,0x000000671d600000) (1024K)]
  0x000002406434aab0 JavaThread "Unconstrained build operations Thread 124"        [_thread_blocked, id=36244, stack(0x000000671d600000,0x000000671d700000) (1024K)]
  0x000002406434b140 JavaThread "Unconstrained build operations Thread 125"        [_thread_blocked, id=15860, stack(0x000000671f500000,0x000000671f600000) (1024K)]
  0x0000024064347cc0 JavaThread "Unconstrained build operations Thread 126"        [_thread_blocked, id=35576, stack(0x000000671f600000,0x000000671f700000) (1024K)]
  0x0000024064348350 JavaThread "Unconstrained build operations Thread 127"        [_thread_blocked, id=37172, stack(0x000000671f700000,0x000000671f800000) (1024K)]
  0x00000240643489e0 JavaThread "Unconstrained build operations Thread 128"        [_thread_blocked, id=29140, stack(0x000000671f800000,0x000000671f900000) (1024K)]
  0x000002405acea440 JavaThread "Unconstrained build operations Thread 129"        [_thread_blocked, id=20128, stack(0x000000671f900000,0x000000671fa00000) (1024K)]
  0x000002405ace9db0 JavaThread "Unconstrained build operations Thread 130"        [_thread_blocked, id=2936, stack(0x000000671fa00000,0x000000671fb00000) (1024K)]
  0x00000240594d1460 JavaThread "Unconstrained build operations Thread 131"        [_thread_blocked, id=40456, stack(0x000000671fb00000,0x000000671fc00000) (1024K)]
  0x00000240594ce670 JavaThread "Unconstrained build operations Thread 132"        [_thread_blocked, id=39548, stack(0x000000671fc00000,0x000000671fd00000) (1024K)]
  0x00000240594cdfe0 JavaThread "Unconstrained build operations Thread 133"        [_thread_blocked, id=20548, stack(0x000000671fd00000,0x000000671fe00000) (1024K)]
  0x00000240573fb840 JavaThread "Unconstrained build operations Thread 134"        [_thread_blocked, id=4860, stack(0x000000671fe00000,0x000000671ff00000) (1024K)]
  0x000002405985a3e0 JavaThread "Unconstrained build operations Thread 135"        [_thread_blocked, id=35100, stack(0x000000671ff00000,0x0000006720000000) (1024K)]
  0x0000024059859d50 JavaThread "Unconstrained build operations Thread 136"        [_thread_blocked, id=27360, stack(0x0000006720000000,0x0000006720100000) (1024K)]
  0x000002404e91a090 JavaThread "Unconstrained build operations Thread 137"        [_thread_blocked, id=41296, stack(0x0000006720100000,0x0000006720200000) (1024K)]
  0x000002404e91a720 JavaThread "Unconstrained build operations Thread 138"        [_thread_blocked, id=35680, stack(0x0000006720200000,0x0000006720300000) (1024K)]
  0x000002405a99e110 JavaThread "Unconstrained build operations Thread 139"        [_thread_blocked, id=41316, stack(0x0000006720300000,0x0000006720400000) (1024K)]
  0x000002405a99c040 JavaThread "Unconstrained build operations Thread 140"        [_thread_blocked, id=20972, stack(0x0000006720400000,0x0000006720500000) (1024K)]
  0x000002405a99ac90 JavaThread "Unconstrained build operations Thread 141"        [_thread_blocked, id=35408, stack(0x0000006720500000,0x0000006720600000) (1024K)]
  0x000002405a99b320 JavaThread "Unconstrained build operations Thread 142"        [_thread_blocked, id=736, stack(0x0000006720600000,0x0000006720700000) (1024K)]
  0x000002405a99c6d0 JavaThread "Unconstrained build operations Thread 143"        [_thread_blocked, id=11248, stack(0x0000006720700000,0x0000006720800000) (1024K)]
  0x0000024057da2950 JavaThread "Unconstrained build operations Thread 144"        [_thread_blocked, id=33020, stack(0x0000006720800000,0x0000006720900000) (1024K)]
  0x0000024057da2fe0 JavaThread "Unconstrained build operations Thread 145"        [_thread_blocked, id=37220, stack(0x0000006720a00000,0x0000006720b00000) (1024K)]
  0x0000024057da3670 JavaThread "Unconstrained build operations Thread 146"        [_thread_blocked, id=12540, stack(0x0000006720b00000,0x0000006720c00000) (1024K)]
  0x0000024057da01f0 JavaThread "Unconstrained build operations Thread 147"        [_thread_blocked, id=37780, stack(0x0000006720c00000,0x0000006720d00000) (1024K)]
  0x0000024057da22c0 JavaThread "Unconstrained build operations Thread 148"        [_thread_blocked, id=41332, stack(0x0000006720d00000,0x0000006720e00000) (1024K)]
  0x0000024057da0880 JavaThread "Unconstrained build operations Thread 149"        [_thread_blocked, id=41928, stack(0x0000006720e00000,0x0000006720f00000) (1024K)]
  0x0000024057da0f10 JavaThread "Unconstrained build operations Thread 150"        [_thread_blocked, id=29068, stack(0x0000006720f00000,0x0000006721000000) (1024K)]
  0x0000024057da15a0 JavaThread "Unconstrained build operations Thread 151"        [_thread_blocked, id=26760, stack(0x0000006721000000,0x0000006721100000) (1024K)]
  0x0000024058ac7ac0 JavaThread "Unconstrained build operations Thread 152"        [_thread_blocked, id=13772, stack(0x0000006721100000,0x0000006721200000) (1024K)]
  0x0000024058ac87e0 JavaThread "Unconstrained build operations Thread 153"        [_thread_blocked, id=18868, stack(0x0000006721200000,0x0000006721300000) (1024K)]
  0x0000024058ac6710 JavaThread "Unconstrained build operations Thread 154"        [_thread_blocked, id=41132, stack(0x0000006721300000,0x0000006721400000) (1024K)]
  0x0000024058ac8150 JavaThread "Unconstrained build operations Thread 155"        [_thread_blocked, id=28768, stack(0x0000006721400000,0x0000006721500000) (1024K)]
  0x0000024058ac6da0 JavaThread "Unconstrained build operations Thread 156"        [_thread_blocked, id=18472, stack(0x0000006721500000,0x0000006721600000) (1024K)]
  0x0000024058ac8e70 JavaThread "Unconstrained build operations Thread 157"        [_thread_blocked, id=24940, stack(0x0000006721600000,0x0000006721700000) (1024K)]
  0x000002406b788710 JavaThread "Unconstrained build operations Thread 158"        [_thread_blocked, id=25284, stack(0x0000006721700000,0x0000006721800000) (1024K)]
  0x000002406b78a7e0 JavaThread "Unconstrained build operations Thread 159"        [_thread_blocked, id=20444, stack(0x0000006721800000,0x0000006721900000) (1024K)]
  0x000002406b787360 JavaThread "Unconstrained build operations Thread 160"        [_thread_blocked, id=27792, stack(0x0000006721900000,0x0000006721a00000) (1024K)]
  0x000002404e91dba0 JavaThread "File lock release action executor"        [_thread_blocked, id=33356, stack(0x0000006721b00000,0x0000006721c00000) (1024K)]
  0x0000024062a35480 JavaThread "Cache worker for execution history cache (D:\XamppPhp8.2\htdocs\arena-team-app\android\.gradle\8.11.1\executionHistory)"        [_thread_blocked, id=27784, stack(0x0000006721c00000,0x0000006721d00000) (1024K)]
  0x0000024059ed3a60 JavaThread "Exec process Thread 31"            [_thread_blocked, id=2344, stack(0x0000006721a00000,0x0000006721b00000) (1024K)]
  0x0000024058ac9500 JavaThread "Exec process Thread 32"            [_thread_blocked, id=35924, stack(0x0000006721d00000,0x0000006721e00000) (1024K)]
  0x0000024058ac7430 JavaThread "Exec process Thread 33"            [_thread_blocked, id=20572, stack(0x0000006721e00000,0x0000006721f00000) (1024K)]
  0x000002406337a6f0 JavaThread "WorkerExecutor Queue"              [_thread_blocked, id=3748, stack(0x0000006721f00000,0x0000006722000000) (1024K)]
  0x000002406337b410 JavaThread "WorkerExecutor Queue Thread 2"        [_thread_blocked, id=6096, stack(0x0000006722000000,0x0000006722100000) (1024K)]
Total: 239

Other Threads:
=>0x0000024046baf470 VMThread "VM Thread"                           [id=36232, stack(0x0000006713800000,0x0000006713900000) (1024K)]
  0x0000024043c4b680 WatcherThread "VM Periodic Task Thread"        [id=25624, stack(0x0000006713700000,0x0000006713800000) (1024K)]
  0x0000024015efe500 WorkerThread "GC Thread#0"                     [id=36672, stack(0x0000006713200000,0x0000006713300000) (1024K)]
  0x000002404b60f890 WorkerThread "GC Thread#1"                     [id=23656, stack(0x0000006714700000,0x0000006714800000) (1024K)]
  0x000002404b60fc40 WorkerThread "GC Thread#2"                     [id=35992, stack(0x0000006714800000,0x0000006714900000) (1024K)]
  0x000002404b6a34d0 WorkerThread "GC Thread#3"                     [id=4124, stack(0x0000006714900000,0x0000006714a00000) (1024K)]
  0x000002404b6a3880 WorkerThread "GC Thread#4"                     [id=30592, stack(0x0000006714a00000,0x0000006714b00000) (1024K)]
  0x000002404b785880 WorkerThread "GC Thread#5"                     [id=36136, stack(0x0000006714b00000,0x0000006714c00000) (1024K)]
  0x000002404d89e4e0 WorkerThread "GC Thread#6"                     [id=27692, stack(0x0000006715700000,0x0000006715800000) (1024K)]
  0x000002404e10a890 WorkerThread "GC Thread#7"                     [id=6544, stack(0x0000006715800000,0x0000006715900000) (1024K)]
  0x000002404daa6b80 WorkerThread "GC Thread#8"                     [id=29212, stack(0x0000006715900000,0x0000006715a00000) (1024K)]
  0x000002404d9e68a0 WorkerThread "GC Thread#9"                     [id=19120, stack(0x0000006715a00000,0x0000006715b00000) (1024K)]
  0x000002404d9e6c50 WorkerThread "GC Thread#10"                    [id=20232, stack(0x0000006715b00000,0x0000006715c00000) (1024K)]
  0x000002404d9e5280 WorkerThread "GC Thread#11"                    [id=21140, stack(0x0000006715c00000,0x0000006715d00000) (1024K)]
  0x000002404d9e5d90 WorkerThread "GC Thread#12"                    [id=36604, stack(0x0000006715d00000,0x0000006715e00000) (1024K)]
  0x0000024043ac2b80 ConcurrentGCThread "G1 Main Marker"            [id=35772, stack(0x0000006713300000,0x0000006713400000) (1024K)]
  0x0000024015f0bee0 WorkerThread "G1 Conc#0"                       [id=25040, stack(0x0000006713400000,0x0000006713500000) (1024K)]
  0x000002404d9e5630 WorkerThread "G1 Conc#1"                       [id=25988, stack(0x0000006715e00000,0x0000006715f00000) (1024K)]
  0x000002404d9e6140 WorkerThread "G1 Conc#2"                       [id=24936, stack(0x0000006715f00000,0x0000006716000000) (1024K)]
  0x0000024043b1fb50 ConcurrentGCThread "G1 Refine#0"               [id=6812, stack(0x0000006713500000,0x0000006713600000) (1024K)]
  0x0000024043b21490 ConcurrentGCThread "G1 Service"                [id=35352, stack(0x0000006713600000,0x0000006713700000) (1024K)]
Total: 21

Threads with active compile tasks:
Total: 0

VM state: at safepoint (normal execution)

VM Mutex/Monitor currently owned by a thread:  ([mutex/lock_event])
[0x00007ffb5fea86d0] Threads_lock - owner thread: 0x0000024046baf470
[0x00007ffb5fea87d0] Heap_lock - owner thread: 0x0000024050278e00

Heap address: 0x0000000600000000, size: 8192 MB, Compressed Oops mode: Zero based, Oop shift amount: 3

CDS archive(s) not mapped
Compressed class space mapped at: 0x0000000800000000-0x0000000840000000, reserved size: 1073741824
Narrow klass base: 0x0000000800000000, Narrow klass shift: 0, Narrow klass range: 0x40000000

GC Precious Log:
 CardTable entry size: 512
 Card Set container configuration: InlinePtr #cards 4 size 8 Array Of Cards #cards 32 size 80 Howl #buckets 8 coarsen threshold 7372 Howl Bitmap #cards 1024 size 144 coarsen threshold 921 Card regions per heap region 1 cards per card region 8192
 CPUs: 16 total, 16 available
 Memory: 16024M
 Large Page Support: Disabled
 NUMA Support: Disabled
 Compressed Oops: Enabled (Zero based)
 Heap Region Size: 4M
 Heap Min Capacity: 8M
 Heap Initial Capacity: 252M
 Heap Max Capacity: 8G
 Pre-touch: Disabled
 Parallel Workers: 13
 Concurrent Workers: 3
 Concurrent Refinement Workers: 13
 Periodic GC: Disabled

Heap:
 garbage-first heap   total 2240512K, used 681880K [0x0000000600000000, 0x0000000800000000)
  region size 4096K, 3 young (12288K), 3 survivors (12288K)
 Metaspace       used 218717K, committed 221952K, reserved 1245184K
  class space    used 28832K, committed 30208K, reserved 1048576K

Heap Regions: E=young(eden), S=young(survivor), O=old, HS=humongous(starts), HC=humongous(continues), CS=collection set, F=free, TAMS=top-at-mark-start, PB=parsable bottom
|   0|0x0000000600000000, 0x0000000600400000, 0x0000000600400000|100%|HS|  |TAMS 0x0000000600400000| PB 0x0000000600000000| Complete 
|   1|0x0000000600400000, 0x0000000600800000, 0x0000000600800000|100%| O|  |TAMS 0x0000000600800000| PB 0x0000000600400000| Untracked 
|   2|0x0000000600800000, 0x0000000600c00000, 0x0000000600c00000|100%| O|  |TAMS 0x0000000600c00000| PB 0x0000000600800000| Updating 
|   3|0x0000000600c00000, 0x0000000601000000, 0x0000000601000000|100%| O|  |TAMS 0x0000000601000000| PB 0x0000000600c00000| Updating 
|   4|0x0000000601000000, 0x0000000601400000, 0x0000000601400000|100%| O|  |TAMS 0x0000000601400000| PB 0x0000000601000000| Updating 
|   5|0x0000000601400000, 0x0000000601800000, 0x0000000601800000|100%| O|  |TAMS 0x0000000601800000| PB 0x0000000601400000| Updating 
|   6|0x0000000601800000, 0x0000000601c00000, 0x0000000601c00000|100%| O|  |TAMS 0x0000000601c00000| PB 0x0000000601800000| Updating 
|   7|0x0000000601c00000, 0x0000000602000000, 0x0000000602000000|100%| O|  |TAMS 0x0000000601c00000| PB 0x0000000601c00000| Untracked 
|   8|0x0000000602000000, 0x0000000602400000, 0x0000000602400000|100%| O|  |TAMS 0x0000000602400000| PB 0x0000000602000000| Updating 
|   9|0x0000000602400000, 0x0000000602800000, 0x0000000602800000|100%| O|  |TAMS 0x0000000602800000| PB 0x0000000602400000| Updating 
|  10|0x0000000602800000, 0x0000000602c00000, 0x0000000602c00000|100%| O|  |TAMS 0x0000000602c00000| PB 0x0000000602800000| Updating 
|  11|0x0000000602c00000, 0x0000000603000000, 0x0000000603000000|100%| O|  |TAMS 0x0000000603000000| PB 0x0000000602c00000| Untracked 
|  12|0x0000000603000000, 0x0000000603400000, 0x0000000603400000|100%| O|  |TAMS 0x0000000603400000| PB 0x0000000603000000| Updating 
|  13|0x0000000603400000, 0x0000000603800000, 0x0000000603800000|100%| O|  |TAMS 0x0000000603800000| PB 0x0000000603400000| Updating 
|  14|0x0000000603800000, 0x0000000603c00000, 0x0000000603c00000|100%|HS|  |TAMS 0x0000000603c00000| PB 0x0000000603800000| Complete 
|  15|0x0000000603c00000, 0x0000000604000000, 0x0000000604000000|100%| O|  |TAMS 0x0000000604000000| PB 0x0000000603c00000| Updating 
|  16|0x0000000604000000, 0x0000000604400000, 0x0000000604400000|100%| O|  |TAMS 0x0000000604400000| PB 0x0000000604000000| Updating 
|  17|0x0000000604400000, 0x0000000604800000, 0x0000000604800000|100%| O|  |TAMS 0x0000000604800000| PB 0x0000000604400000| Updating 
|  18|0x0000000604800000, 0x0000000604c00000, 0x0000000604c00000|100%| O|  |TAMS 0x0000000604c00000| PB 0x0000000604800000| Updating 
|  19|0x0000000604c00000, 0x0000000605000000, 0x0000000605000000|100%| O|  |TAMS 0x0000000605000000| PB 0x0000000604c00000| Updating 
|  20|0x0000000605000000, 0x0000000605400000, 0x0000000605400000|100%| O|  |TAMS 0x0000000605400000| PB 0x0000000605000000| Updating 
|  21|0x0000000605400000, 0x0000000605800000, 0x0000000605800000|100%| O|  |TAMS 0x0000000605800000| PB 0x0000000605400000| Updating 
|  22|0x0000000605800000, 0x0000000605c00000, 0x0000000605c00000|100%|HS|  |TAMS 0x0000000605c00000| PB 0x0000000605800000| Complete 
|  23|0x0000000605c00000, 0x0000000606000000, 0x0000000606000000|100%| O|  |TAMS 0x0000000606000000| PB 0x0000000605c00000| Updating 
|  24|0x0000000606000000, 0x0000000606400000, 0x0000000606400000|100%| O|  |TAMS 0x0000000606400000| PB 0x0000000606000000| Updating 
|  25|0x0000000606400000, 0x0000000606800000, 0x0000000606800000|100%| O|  |TAMS 0x0000000606800000| PB 0x0000000606400000| Updating 
|  26|0x0000000606800000, 0x0000000606c00000, 0x0000000606c00000|100%|HS|  |TAMS 0x0000000606c00000| PB 0x0000000606800000| Complete 
|  27|0x0000000606c00000, 0x0000000607000000, 0x0000000607000000|100%| O|  |TAMS 0x0000000607000000| PB 0x0000000606c00000| Updating 
|  28|0x0000000607000000, 0x0000000607400000, 0x0000000607400000|100%| O|  |TAMS 0x0000000607400000| PB 0x0000000607000000| Updating 
|  29|0x0000000607400000, 0x0000000607800000, 0x0000000607800000|100%| O|  |TAMS 0x0000000607800000| PB 0x0000000607400000| Updating 
|  30|0x0000000607800000, 0x0000000607c00000, 0x0000000607c00000|100%| O|  |TAMS 0x0000000607c00000| PB 0x0000000607800000| Updating 
|  31|0x0000000607c00000, 0x0000000608000000, 0x0000000608000000|100%| O|  |TAMS 0x0000000608000000| PB 0x0000000607c00000| Updating 
|  32|0x0000000608000000, 0x0000000608400000, 0x0000000608400000|100%| O|  |TAMS 0x0000000608400000| PB 0x0000000608000000| Updating 
|  33|0x0000000608400000, 0x0000000608800000, 0x0000000608800000|100%| O|  |TAMS 0x0000000608800000| PB 0x0000000608400000| Updating 
|  34|0x0000000608800000, 0x0000000608c00000, 0x0000000608c00000|100%| O|  |TAMS 0x0000000608c00000| PB 0x0000000608800000| Updating 
|  35|0x0000000608c00000, 0x0000000609000000, 0x0000000609000000|100%| O|  |TAMS 0x0000000609000000| PB 0x0000000608c00000| Untracked 
|  36|0x0000000609000000, 0x0000000609400000, 0x0000000609400000|100%| O|  |TAMS 0x0000000609400000| PB 0x0000000609000000| Untracked 
|  37|0x0000000609400000, 0x0000000609800000, 0x0000000609800000|100%| O|  |TAMS 0x0000000609400000| PB 0x0000000609400000| Untracked 
|  38|0x0000000609800000, 0x0000000609c00000, 0x0000000609c00000|100%| O|  |TAMS 0x0000000609c00000| PB 0x0000000609800000| Updating 
|  39|0x0000000609c00000, 0x000000060a000000, 0x000000060a000000|100%| O|  |TAMS 0x000000060a000000| PB 0x0000000609c00000| Updating 
|  40|0x000000060a000000, 0x000000060a400000, 0x000000060a400000|100%| O|  |TAMS 0x000000060a400000| PB 0x000000060a000000| Updating 
|  41|0x000000060a400000, 0x000000060a800000, 0x000000060a800000|100%| O|  |TAMS 0x000000060a800000| PB 0x000000060a400000| Untracked 
|  42|0x000000060a800000, 0x000000060ac00000, 0x000000060ac00000|100%| O|  |TAMS 0x000000060ac00000| PB 0x000000060a800000| Untracked 
|  43|0x000000060ac00000, 0x000000060b000000, 0x000000060b000000|100%| O|  |TAMS 0x000000060b000000| PB 0x000000060ac00000| Updating 
|  44|0x000000060b000000, 0x000000060b400000, 0x000000060b400000|100%| O|  |TAMS 0x000000060b400000| PB 0x000000060b000000| Updating 
|  45|0x000000060b400000, 0x000000060b800000, 0x000000060b800000|100%| O|  |TAMS 0x000000060b800000| PB 0x000000060b400000| Updating 
|  46|0x000000060b800000, 0x000000060bc00000, 0x000000060bc00000|100%| O|  |TAMS 0x000000060bc00000| PB 0x000000060b800000| Updating 
|  47|0x000000060bc00000, 0x000000060c000000, 0x000000060c000000|100%| O|  |TAMS 0x000000060c000000| PB 0x000000060bc00000| Updating 
|  48|0x000000060c000000, 0x000000060c400000, 0x000000060c400000|100%| O|  |TAMS 0x000000060c400000| PB 0x000000060c000000| Updating 
|  49|0x000000060c400000, 0x000000060c800000, 0x000000060c800000|100%| O|  |TAMS 0x000000060c800000| PB 0x000000060c400000| Updating 
|  50|0x000000060c800000, 0x000000060cc00000, 0x000000060cc00000|100%| O|  |TAMS 0x000000060cc00000| PB 0x000000060c800000| Updating 
|  51|0x000000060cc00000, 0x000000060d000000, 0x000000060d000000|100%| O|  |TAMS 0x000000060d000000| PB 0x000000060cc00000| Updating 
|  52|0x000000060d000000, 0x000000060d400000, 0x000000060d400000|100%| O|  |TAMS 0x000000060d400000| PB 0x000000060d000000| Updating 
|  53|0x000000060d400000, 0x000000060d800000, 0x000000060d800000|100%| O|  |TAMS 0x000000060d800000| PB 0x000000060d800000| Updating 
|  54|0x000000060d800000, 0x000000060dc00000, 0x000000060dc00000|100%| O|  |TAMS 0x000000060dc00000| PB 0x000000060dc00000| Untracked 
|  55|0x000000060dc00000, 0x000000060e000000, 0x000000060e000000|100%| O|  |TAMS 0x000000060e000000| PB 0x000000060e000000| Updating 
|  56|0x000000060e000000, 0x000000060e400000, 0x000000060e400000|100%| O|  |TAMS 0x000000060e000000| PB 0x000000060e000000| Untracked 
|  57|0x000000060e400000, 0x000000060e800000, 0x000000060e800000|100%| O|  |TAMS 0x000000060e800000| PB 0x000000060e800000| Updating 
|  58|0x000000060e800000, 0x000000060ec00000, 0x000000060ec00000|100%| O|  |TAMS 0x000000060ec00000| PB 0x000000060ec00000| Updating 
|  59|0x000000060ec00000, 0x000000060f000000, 0x000000060f000000|100%| O|  |TAMS 0x000000060f000000| PB 0x000000060f000000| Untracked 
|  60|0x000000060f000000, 0x000000060f400000, 0x000000060f400000|100%| O|  |TAMS 0x000000060f400000| PB 0x000000060f400000| Updating 
|  61|0x000000060f400000, 0x000000060f800000, 0x000000060f800000|100%| O|  |TAMS 0x000000060f800000| PB 0x000000060f800000| Updating 
|  62|0x000000060f800000, 0x000000060fc00000, 0x000000060fc00000|100%| O|  |TAMS 0x000000060fc00000| PB 0x000000060fc00000| Updating 
|  63|0x000000060fc00000, 0x0000000610000000, 0x0000000610000000|100%| O|  |TAMS 0x0000000610000000| PB 0x0000000610000000| Untracked 
|  64|0x0000000610000000, 0x0000000610400000, 0x0000000610400000|100%| O|  |TAMS 0x0000000610400000| PB 0x0000000610400000| Updating 
|  65|0x0000000610400000, 0x0000000610800000, 0x0000000610800000|100%| O|  |TAMS 0x0000000610800000| PB 0x0000000610800000| Updating 
|  66|0x0000000610800000, 0x0000000610c00000, 0x0000000610c00000|100%| O|  |TAMS 0x0000000610c00000| PB 0x0000000610c00000| Updating 
|  67|0x0000000610c00000, 0x0000000611000000, 0x0000000611000000|100%| O|  |TAMS 0x0000000611000000| PB 0x0000000611000000| Updating 
|  68|0x0000000611000000, 0x0000000611400000, 0x0000000611400000|100%| O|  |TAMS 0x0000000611400000| PB 0x0000000611400000| Untracked 
|  69|0x0000000611400000, 0x0000000611800000, 0x0000000611800000|100%| O|  |TAMS 0x0000000611800000| PB 0x0000000611800000| Updating 
|  70|0x0000000611800000, 0x0000000611c00000, 0x0000000611c00000|100%| O|  |TAMS 0x0000000611c00000| PB 0x0000000611c00000| Untracked 
|  71|0x0000000611c00000, 0x0000000612000000, 0x0000000612000000|100%| O|  |TAMS 0x0000000611fbc2f0| PB 0x0000000611fbc2f0| Updating 
|  72|0x0000000612000000, 0x0000000612400000, 0x0000000612400000|100%| O|  |TAMS 0x0000000612400000| PB 0x0000000612400000| Updating 
|  73|0x0000000612400000, 0x0000000612800000, 0x0000000612800000|100%| O|  |TAMS 0x0000000612800000| PB 0x0000000612800000| Updating 
|  74|0x0000000612800000, 0x0000000612c00000, 0x0000000612c00000|100%| O|  |TAMS 0x0000000612c00000| PB 0x0000000612c00000| Updating 
|  75|0x0000000612c00000, 0x0000000613000000, 0x0000000613000000|100%| O|  |TAMS 0x0000000613000000| PB 0x0000000613000000| Updating 
|  76|0x0000000613000000, 0x0000000613400000, 0x0000000613400000|100%| O|  |TAMS 0x0000000613400000| PB 0x0000000613400000| Updating 
|  77|0x0000000613400000, 0x0000000613800000, 0x0000000613800000|100%| O|  |TAMS 0x0000000613800000| PB 0x0000000613800000| Updating 
|  78|0x0000000613800000, 0x0000000613c00000, 0x0000000613c00000|100%| O|  |TAMS 0x0000000613c00000| PB 0x0000000613c00000| Updating 
|  79|0x0000000613c00000, 0x0000000614000000, 0x0000000614000000|100%| O|  |TAMS 0x0000000614000000| PB 0x0000000614000000| Updating 
|  80|0x0000000614000000, 0x0000000614400000, 0x0000000614400000|100%| O|  |TAMS 0x0000000614400000| PB 0x0000000614400000| Updating 
|  81|0x0000000614400000, 0x0000000614800000, 0x0000000614800000|100%| O|  |TAMS 0x0000000614800000| PB 0x0000000614800000| Untracked 
|  82|0x0000000614800000, 0x0000000614c00000, 0x0000000614c00000|100%| O|  |TAMS 0x0000000614c00000| PB 0x0000000614c00000| Updating 
|  83|0x0000000614c00000, 0x0000000615000000, 0x0000000615000000|100%| O|  |TAMS 0x0000000615000000| PB 0x0000000615000000| Updating 
|  84|0x0000000615000000, 0x0000000615400000, 0x0000000615400000|100%| O|  |TAMS 0x0000000615400000| PB 0x0000000615400000| Updating 
|  85|0x0000000615400000, 0x0000000615800000, 0x0000000615800000|100%| O|  |TAMS 0x0000000615800000| PB 0x0000000615800000| Updating 
|  86|0x0000000615800000, 0x0000000615c00000, 0x0000000615c00000|100%| O|  |TAMS 0x0000000615c00000| PB 0x0000000615c00000| Updating 
|  87|0x0000000615c00000, 0x0000000616000000, 0x0000000616000000|100%| O|  |TAMS 0x0000000616000000| PB 0x0000000616000000| Updating 
|  88|0x0000000616000000, 0x0000000616400000, 0x0000000616400000|100%| O|  |TAMS 0x0000000616400000| PB 0x0000000616400000| Updating 
|  89|0x0000000616400000, 0x0000000616800000, 0x0000000616800000|100%| O|  |TAMS 0x0000000616800000| PB 0x0000000616800000| Updating 
|  90|0x0000000616800000, 0x0000000616c00000, 0x0000000616c00000|100%| O|  |TAMS 0x0000000616c00000| PB 0x0000000616c00000| Updating 
|  91|0x0000000616c00000, 0x0000000617000000, 0x0000000617000000|100%| O|  |TAMS 0x0000000617000000| PB 0x0000000617000000| Updating 
|  92|0x0000000617000000, 0x0000000617400000, 0x0000000617400000|100%| O|  |TAMS 0x0000000617400000| PB 0x0000000617400000| Updating 
|  93|0x0000000617400000, 0x0000000617800000, 0x0000000617800000|100%| O|  |TAMS 0x0000000617800000| PB 0x0000000617800000| Updating 
|  94|0x0000000617800000, 0x0000000617c00000, 0x0000000617c00000|100%| O|  |TAMS 0x0000000617c00000| PB 0x0000000617c00000| Updating 
|  95|0x0000000617c00000, 0x0000000618000000, 0x0000000618000000|100%| O|  |TAMS 0x0000000618000000| PB 0x0000000618000000| Updating 
|  96|0x0000000618000000, 0x0000000618400000, 0x0000000618400000|100%| O|  |TAMS 0x0000000618400000| PB 0x0000000618400000| Updating 
|  97|0x0000000618400000, 0x0000000618800000, 0x0000000618800000|100%| O|  |TAMS 0x0000000618800000| PB 0x0000000618800000| Updating 
|  98|0x0000000618800000, 0x0000000618c00000, 0x0000000618c00000|100%| O|  |TAMS 0x0000000618c00000| PB 0x0000000618c00000| Updating 
|  99|0x0000000618c00000, 0x0000000619000000, 0x0000000619000000|100%| O|  |TAMS 0x0000000619000000| PB 0x0000000619000000| Updating 
| 100|0x0000000619000000, 0x0000000619400000, 0x0000000619400000|100%| O|  |TAMS 0x0000000619400000| PB 0x0000000619400000| Updating 
| 101|0x0000000619400000, 0x0000000619800000, 0x0000000619800000|100%| O|  |TAMS 0x0000000619800000| PB 0x0000000619800000| Updating 
| 102|0x0000000619800000, 0x0000000619914ec0, 0x0000000619c00000| 27%| O|  |TAMS 0x0000000619800000| PB 0x0000000619800000| Updating 
| 103|0x0000000619c00000, 0x000000061a000000, 0x000000061a000000|100%| O|  |TAMS 0x000000061a000000| PB 0x000000061a000000| Updating 
| 104|0x000000061a000000, 0x000000061a400000, 0x000000061a400000|100%| O|  |TAMS 0x000000061a000000| PB 0x000000061a000000| Untracked 
| 105|0x000000061a400000, 0x000000061a800000, 0x000000061a800000|100%| O|  |TAMS 0x000000061a800000| PB 0x000000061a800000| Updating 
| 106|0x000000061a800000, 0x000000061ac00000, 0x000000061ac00000|100%| O|  |TAMS 0x000000061ac00000| PB 0x000000061ac00000| Updating 
| 107|0x000000061ac00000, 0x000000061b000000, 0x000000061b000000|100%| O|  |TAMS 0x000000061b000000| PB 0x000000061b000000| Updating 
| 108|0x000000061b000000, 0x000000061b400000, 0x000000061b400000|100%| O|  |TAMS 0x000000061b000000| PB 0x000000061b000000| Untracked 
| 109|0x000000061b400000, 0x000000061b800000, 0x000000061b800000|100%| O|  |TAMS 0x000000061b800000| PB 0x000000061b800000| Updating 
| 110|0x000000061b800000, 0x000000061bc00000, 0x000000061bc00000|100%| O|  |TAMS 0x000000061bc00000| PB 0x000000061bc00000| Untracked 
| 111|0x000000061bc00000, 0x000000061c000000, 0x000000061c000000|100%| O|  |TAMS 0x000000061c000000| PB 0x000000061c000000| Updating 
| 112|0x000000061c000000, 0x000000061c400000, 0x000000061c400000|100%| O|  |TAMS 0x000000061c000000| PB 0x000000061c000000| Untracked 
| 113|0x000000061c400000, 0x000000061c800000, 0x000000061c800000|100%| O|  |TAMS 0x000000061c400000| PB 0x000000061c400000| Untracked 
| 114|0x000000061c800000, 0x000000061cc00000, 0x000000061cc00000|100%| O|  |TAMS 0x000000061c800000| PB 0x000000061c800000| Untracked 
| 115|0x000000061cc00000, 0x000000061d000000, 0x000000061d000000|100%| O|  |TAMS 0x000000061d000000| PB 0x000000061d000000| Updating 
| 116|0x000000061d000000, 0x000000061d400000, 0x000000061d400000|100%| O|  |TAMS 0x000000061d400000| PB 0x000000061d400000| Updating 
| 117|0x000000061d400000, 0x000000061d800000, 0x000000061d800000|100%| O|  |TAMS 0x000000061d800000| PB 0x000000061d800000| Updating 
| 118|0x000000061d800000, 0x000000061dc00000, 0x000000061dc00000|100%| O|  |TAMS 0x000000061dc00000| PB 0x000000061dc00000| Updating 
| 119|0x000000061dc00000, 0x000000061e000000, 0x000000061e000000|100%| O|  |TAMS 0x000000061dc00000| PB 0x000000061dc00000| Untracked 
| 120|0x000000061e000000, 0x000000061e400000, 0x000000061e400000|100%| O|  |TAMS 0x000000061e000000| PB 0x000000061e000000| Untracked 
| 121|0x000000061e400000, 0x000000061e800000, 0x000000061e800000|100%| O|  |TAMS 0x000000061e400000| PB 0x000000061e400000| Untracked 
| 122|0x000000061e800000, 0x000000061ec00000, 0x000000061ec00000|100%| O|  |TAMS 0x000000061ec00000| PB 0x000000061ec00000| Updating 
| 123|0x000000061ec00000, 0x000000061f000000, 0x000000061f000000|100%| O|  |TAMS 0x000000061f000000| PB 0x000000061f000000| Updating 
| 124|0x000000061f000000, 0x000000061f400000, 0x000000061f400000|100%| O|  |TAMS 0x000000061f400000| PB 0x000000061f400000| Updating 
| 125|0x000000061f400000, 0x000000061f800000, 0x000000061f800000|100%| O|  |TAMS 0x000000061f800000| PB 0x000000061f800000| Updating 
| 126|0x000000061f800000, 0x000000061fc00000, 0x000000061fc00000|100%| O|  |TAMS 0x000000061f800000| PB 0x000000061f800000| Untracked 
| 127|0x000000061fc00000, 0x0000000620000000, 0x0000000620000000|100%| O|  |TAMS 0x000000061fc00000| PB 0x000000061fc00000| Untracked 
| 128|0x0000000620000000, 0x0000000620400000, 0x0000000620400000|100%| O|  |TAMS 0x0000000620000000| PB 0x0000000620000000| Untracked 
| 129|0x0000000620400000, 0x0000000620800000, 0x0000000620800000|100%| O|  |TAMS 0x0000000620800000| PB 0x0000000620800000| Updating 
| 130|0x0000000620800000, 0x0000000620c00000, 0x0000000620c00000|100%| O|  |TAMS 0x0000000620800000| PB 0x0000000620800000| Untracked 
| 131|0x0000000620c00000, 0x0000000621000000, 0x0000000621000000|100%| O|  |TAMS 0x0000000620c00000| PB 0x0000000620c00000| Untracked 
| 132|0x0000000621000000, 0x0000000621400000, 0x0000000621400000|100%| O|  |TAMS 0x0000000621400000| PB 0x0000000621400000| Updating 
| 133|0x0000000621400000, 0x0000000621800000, 0x0000000621800000|100%| O|  |TAMS 0x0000000621800000| PB 0x0000000621800000| Updating 
| 134|0x0000000621800000, 0x0000000621990600, 0x0000000621c00000| 39%| O|  |TAMS 0x0000000621800000| PB 0x0000000621800000| Untracked 
| 135|0x0000000621c00000, 0x0000000621c00000, 0x0000000622000000|  0%| F|  |TAMS 0x0000000621c00000| PB 0x0000000621c00000| Untracked 
| 136|0x0000000622000000, 0x0000000622400000, 0x0000000622400000|100%| O|  |TAMS 0x0000000622400000| PB 0x0000000622400000| Updating 
| 137|0x0000000622400000, 0x0000000622800000, 0x0000000622800000|100%| O|  |TAMS 0x0000000622800000| PB 0x0000000622800000| Updating 
| 138|0x0000000622800000, 0x0000000622c00000, 0x0000000622c00000|100%| O|  |TAMS 0x0000000622c00000| PB 0x0000000622c00000| Updating 
| 139|0x0000000622c00000, 0x0000000622c00000, 0x0000000623000000|  0%| F|  |TAMS 0x0000000622c00000| PB 0x0000000622c00000| Untracked 
| 140|0x0000000623000000, 0x0000000623000000, 0x0000000623400000|  0%| F|  |TAMS 0x0000000623000000| PB 0x0000000623000000| Untracked 
| 141|0x0000000623400000, 0x0000000623400000, 0x0000000623800000|  0%| F|  |TAMS 0x0000000623400000| PB 0x0000000623400000| Untracked 
| 142|0x0000000623800000, 0x0000000623800000, 0x0000000623c00000|  0%| F|  |TAMS 0x0000000623800000| PB 0x0000000623800000| Untracked 
| 143|0x0000000623c00000, 0x0000000624000000, 0x0000000624000000|100%| O|  |TAMS 0x0000000624000000| PB 0x0000000624000000| Updating 
| 144|0x0000000624000000, 0x0000000624000000, 0x0000000624400000|  0%| F|  |TAMS 0x0000000624000000| PB 0x0000000624000000| Untracked 
| 145|0x0000000624400000, 0x0000000624400000, 0x0000000624800000|  0%| F|  |TAMS 0x0000000624400000| PB 0x0000000624400000| Untracked 
| 146|0x0000000624800000, 0x0000000624c00000, 0x0000000624c00000|100%| O|  |TAMS 0x0000000624c00000| PB 0x0000000624c00000| Updating 
| 147|0x0000000624c00000, 0x0000000625000000, 0x0000000625000000|100%| O|  |TAMS 0x0000000625000000| PB 0x0000000625000000| Updating 
| 148|0x0000000625000000, 0x0000000625400000, 0x0000000625400000|100%| O|  |TAMS 0x0000000625400000| PB 0x0000000625400000| Updating 
| 149|0x0000000625400000, 0x0000000625400000, 0x0000000625800000|  0%| F|  |TAMS 0x0000000625400000| PB 0x0000000625400000| Untracked 
| 150|0x0000000625800000, 0x0000000625c00000, 0x0000000625c00000|100%| O|  |TAMS 0x0000000625c00000| PB 0x0000000625c00000| Updating 
| 151|0x0000000625c00000, 0x0000000626000000, 0x0000000626000000|100%| O|  |TAMS 0x0000000626000000| PB 0x0000000626000000| Updating 
| 152|0x0000000626000000, 0x0000000626400000, 0x0000000626400000|100%| O|  |TAMS 0x0000000626400000| PB 0x0000000626400000| Updating 
| 153|0x0000000626400000, 0x0000000626400000, 0x0000000626800000|  0%| F|  |TAMS 0x0000000626400000| PB 0x0000000626400000| Untracked 
| 154|0x0000000626800000, 0x0000000626800000, 0x0000000626c00000|  0%| F|  |TAMS 0x0000000626800000| PB 0x0000000626800000| Untracked 
| 155|0x0000000626c00000, 0x0000000626c00000, 0x0000000627000000|  0%| F|  |TAMS 0x0000000626c00000| PB 0x0000000626c00000| Untracked 
| 156|0x0000000627000000, 0x0000000627000000, 0x0000000627400000|  0%| F|  |TAMS 0x0000000627000000| PB 0x0000000627000000| Untracked 
| 157|0x0000000627400000, 0x0000000627400000, 0x0000000627800000|  0%| F|  |TAMS 0x0000000627400000| PB 0x0000000627400000| Untracked 
| 158|0x0000000627800000, 0x0000000627800000, 0x0000000627c00000|  0%| F|  |TAMS 0x0000000627800000| PB 0x0000000627800000| Untracked 
| 159|0x0000000627c00000, 0x0000000628000000, 0x0000000628000000|100%| O|  |TAMS 0x0000000628000000| PB 0x0000000628000000| Updating 
| 160|0x0000000628000000, 0x0000000628400000, 0x0000000628400000|100%| O|  |TAMS 0x0000000628400000| PB 0x0000000628400000| Updating 
| 161|0x0000000628400000, 0x0000000628800000, 0x0000000628800000|100%| O|  |TAMS 0x0000000628800000| PB 0x0000000628800000| Updating 
| 162|0x0000000628800000, 0x0000000628800000, 0x0000000628c00000|  0%| F|  |TAMS 0x0000000628800000| PB 0x0000000628800000| Untracked 
| 163|0x0000000628c00000, 0x0000000629000000, 0x0000000629000000|100%| O|  |TAMS 0x0000000629000000| PB 0x0000000629000000| Updating 
| 164|0x0000000629000000, 0x0000000629400000, 0x0000000629400000|100%| O|  |TAMS 0x0000000629400000| PB 0x0000000629400000| Updating 
| 165|0x0000000629400000, 0x0000000629800000, 0x0000000629800000|100%| O|  |TAMS 0x0000000629800000| PB 0x0000000629800000| Updating 
| 166|0x0000000629800000, 0x0000000629c00000, 0x0000000629c00000|100%| O|  |TAMS 0x0000000629c00000| PB 0x0000000629c00000| Updating 
| 167|0x0000000629c00000, 0x0000000629c00000, 0x000000062a000000|  0%| F|  |TAMS 0x0000000629c00000| PB 0x0000000629c00000| Untracked 
| 168|0x000000062a000000, 0x000000062a000000, 0x000000062a400000|  0%| F|  |TAMS 0x000000062a000000| PB 0x000000062a000000| Untracked 
| 169|0x000000062a400000, 0x000000062a800000, 0x000000062a800000|100%| O|  |TAMS 0x000000062a800000| PB 0x000000062a800000| Updating 
| 170|0x000000062a800000, 0x000000062ac00000, 0x000000062ac00000|100%| O|  |TAMS 0x000000062ac00000| PB 0x000000062ac00000| Updating 
| 171|0x000000062ac00000, 0x000000062b000000, 0x000000062b000000|100%| O|  |TAMS 0x000000062b000000| PB 0x000000062b000000| Updating 
| 172|0x000000062b000000, 0x000000062b400000, 0x000000062b400000|100%| O|  |TAMS 0x000000062b400000| PB 0x000000062b400000| Updating 
| 173|0x000000062b400000, 0x000000062b400000, 0x000000062b800000|  0%| F|  |TAMS 0x000000062b400000| PB 0x000000062b400000| Untracked 
| 174|0x000000062b800000, 0x000000062bc00000, 0x000000062bc00000|100%| O|  |TAMS 0x000000062bc00000| PB 0x000000062bc00000| Updating 
| 175|0x000000062bc00000, 0x000000062bc00000, 0x000000062c000000|  0%| F|  |TAMS 0x000000062bc00000| PB 0x000000062bc00000| Untracked 
| 176|0x000000062c000000, 0x000000062c000000, 0x000000062c400000|  0%| F|  |TAMS 0x000000062c000000| PB 0x000000062c000000| Untracked 
| 177|0x000000062c400000, 0x000000062c400000, 0x000000062c800000|  0%| F|  |TAMS 0x000000062c400000| PB 0x000000062c400000| Untracked 
| 178|0x000000062c800000, 0x000000062c800000, 0x000000062cc00000|  0%| F|  |TAMS 0x000000062c800000| PB 0x000000062c800000| Untracked 
| 179|0x000000062cc00000, 0x000000062cc00000, 0x000000062d000000|  0%| F|  |TAMS 0x000000062cc00000| PB 0x000000062cc00000| Untracked 
| 180|0x000000062d000000, 0x000000062d000000, 0x000000062d400000|  0%| F|  |TAMS 0x000000062d000000| PB 0x000000062d000000| Untracked 
| 181|0x000000062d400000, 0x000000062d400000, 0x000000062d800000|  0%| F|  |TAMS 0x000000062d400000| PB 0x000000062d400000| Untracked 
| 182|0x000000062d800000, 0x000000062d800000, 0x000000062dc00000|  0%| F|  |TAMS 0x000000062d800000| PB 0x000000062d800000| Untracked 
| 183|0x000000062dc00000, 0x000000062dc00000, 0x000000062e000000|  0%| F|  |TAMS 0x000000062dc00000| PB 0x000000062dc00000| Untracked 
| 184|0x000000062e000000, 0x000000062e000000, 0x000000062e400000|  0%| F|  |TAMS 0x000000062e000000| PB 0x000000062e000000| Untracked 
| 185|0x000000062e400000, 0x000000062e400000, 0x000000062e800000|  0%| F|  |TAMS 0x000000062e400000| PB 0x000000062e400000| Untracked 
| 186|0x000000062e800000, 0x000000062e800000, 0x000000062ec00000|  0%| F|  |TAMS 0x000000062e800000| PB 0x000000062e800000| Untracked 
| 187|0x000000062ec00000, 0x000000062ec00000, 0x000000062f000000|  0%| F|  |TAMS 0x000000062ec00000| PB 0x000000062ec00000| Untracked 
| 188|0x000000062f000000, 0x000000062f000000, 0x000000062f400000|  0%| F|  |TAMS 0x000000062f000000| PB 0x000000062f000000| Untracked 
| 189|0x000000062f400000, 0x000000062f400000, 0x000000062f800000|  0%| F|  |TAMS 0x000000062f400000| PB 0x000000062f400000| Untracked 
| 190|0x000000062f800000, 0x000000062f800000, 0x000000062fc00000|  0%| F|  |TAMS 0x000000062f800000| PB 0x000000062f800000| Untracked 
| 191|0x000000062fc00000, 0x000000062fc00000, 0x0000000630000000|  0%| F|  |TAMS 0x000000062fc00000| PB 0x000000062fc00000| Untracked 
| 192|0x0000000630000000, 0x0000000630000000, 0x0000000630400000|  0%| F|  |TAMS 0x0000000630000000| PB 0x0000000630000000| Untracked 
| 193|0x0000000630400000, 0x0000000630400000, 0x0000000630800000|  0%| F|  |TAMS 0x0000000630400000| PB 0x0000000630400000| Untracked 
| 194|0x0000000630800000, 0x0000000630800000, 0x0000000630c00000|  0%| F|  |TAMS 0x0000000630800000| PB 0x0000000630800000| Untracked 
| 195|0x0000000630c00000, 0x0000000631000000, 0x0000000631000000|100%|HS|  |TAMS 0x0000000631000000| PB 0x0000000630c00000| Complete 
| 196|0x0000000631000000, 0x0000000631400000, 0x0000000631400000|100%|HC|  |TAMS 0x0000000631400000| PB 0x0000000631000000| Complete 
| 197|0x0000000631400000, 0x0000000631400000, 0x0000000631800000|  0%| F|  |TAMS 0x0000000631400000| PB 0x0000000631400000| Untracked 
| 198|0x0000000631800000, 0x0000000631800000, 0x0000000631c00000|  0%| F|  |TAMS 0x0000000631800000| PB 0x0000000631800000| Untracked 
| 199|0x0000000631c00000, 0x0000000631c00000, 0x0000000632000000|  0%| F|  |TAMS 0x0000000631c00000| PB 0x0000000631c00000| Untracked 
| 200|0x0000000632000000, 0x0000000632000000, 0x0000000632400000|  0%| F|  |TAMS 0x0000000632000000| PB 0x0000000632000000| Untracked 
| 201|0x0000000632400000, 0x0000000632400000, 0x0000000632800000|  0%| F|  |TAMS 0x0000000632400000| PB 0x0000000632400000| Untracked 
| 202|0x0000000632800000, 0x0000000632800000, 0x0000000632c00000|  0%| F|  |TAMS 0x0000000632800000| PB 0x0000000632800000| Untracked 
| 203|0x0000000632c00000, 0x0000000632c00000, 0x0000000633000000|  0%| F|  |TAMS 0x0000000632c00000| PB 0x0000000632c00000| Untracked 
| 204|0x0000000633000000, 0x0000000633000000, 0x0000000633400000|  0%| F|  |TAMS 0x0000000633000000| PB 0x0000000633000000| Untracked 
| 205|0x0000000633400000, 0x0000000633400000, 0x0000000633800000|  0%| F|  |TAMS 0x0000000633400000| PB 0x0000000633400000| Untracked 
| 206|0x0000000633800000, 0x0000000633800000, 0x0000000633c00000|  0%| F|  |TAMS 0x0000000633800000| PB 0x0000000633800000| Untracked 
| 207|0x0000000633c00000, 0x0000000633c00000, 0x0000000634000000|  0%| F|  |TAMS 0x0000000633c00000| PB 0x0000000633c00000| Untracked 
| 208|0x0000000634000000, 0x0000000634000000, 0x0000000634400000|  0%| F|  |TAMS 0x0000000634000000| PB 0x0000000634000000| Untracked 
| 209|0x0000000634400000, 0x0000000634400000, 0x0000000634800000|  0%| F|  |TAMS 0x0000000634400000| PB 0x0000000634400000| Untracked 
| 210|0x0000000634800000, 0x0000000634800000, 0x0000000634c00000|  0%| F|  |TAMS 0x0000000634800000| PB 0x0000000634800000| Untracked 
| 211|0x0000000634c00000, 0x0000000634c00000, 0x0000000635000000|  0%| F|  |TAMS 0x0000000634c00000| PB 0x0000000634c00000| Untracked 
| 212|0x0000000635000000, 0x0000000635000000, 0x0000000635400000|  0%| F|  |TAMS 0x0000000635000000| PB 0x0000000635000000| Untracked 
| 213|0x0000000635400000, 0x0000000635400000, 0x0000000635800000|  0%| F|  |TAMS 0x0000000635400000| PB 0x0000000635400000| Untracked 
| 214|0x0000000635800000, 0x0000000635800000, 0x0000000635c00000|  0%| F|  |TAMS 0x0000000635800000| PB 0x0000000635800000| Untracked 
| 215|0x0000000635c00000, 0x0000000635c00000, 0x0000000636000000|  0%| F|  |TAMS 0x0000000635c00000| PB 0x0000000635c00000| Untracked 
| 216|0x0000000636000000, 0x0000000636000000, 0x0000000636400000|  0%| F|  |TAMS 0x0000000636000000| PB 0x0000000636000000| Untracked 
| 217|0x0000000636400000, 0x0000000636400000, 0x0000000636800000|  0%| F|  |TAMS 0x0000000636400000| PB 0x0000000636400000| Untracked 
| 218|0x0000000636800000, 0x0000000636800000, 0x0000000636c00000|  0%| F|  |TAMS 0x0000000636800000| PB 0x0000000636800000| Untracked 
| 219|0x0000000636c00000, 0x0000000636c00000, 0x0000000637000000|  0%| F|  |TAMS 0x0000000636c00000| PB 0x0000000636c00000| Untracked 
| 220|0x0000000637000000, 0x0000000637000000, 0x0000000637400000|  0%| F|  |TAMS 0x0000000637000000| PB 0x0000000637000000| Untracked 
| 221|0x0000000637400000, 0x0000000637400000, 0x0000000637800000|  0%| F|  |TAMS 0x0000000637400000| PB 0x0000000637400000| Untracked 
| 222|0x0000000637800000, 0x0000000637800000, 0x0000000637c00000|  0%| F|  |TAMS 0x0000000637800000| PB 0x0000000637800000| Untracked 
| 223|0x0000000637c00000, 0x0000000637c00000, 0x0000000638000000|  0%| F|  |TAMS 0x0000000637c00000| PB 0x0000000637c00000| Untracked 
| 224|0x0000000638000000, 0x0000000638000000, 0x0000000638400000|  0%| F|  |TAMS 0x0000000638000000| PB 0x0000000638000000| Untracked 
| 225|0x0000000638400000, 0x0000000638400000, 0x0000000638800000|  0%| F|  |TAMS 0x0000000638400000| PB 0x0000000638400000| Untracked 
| 226|0x0000000638800000, 0x0000000638800000, 0x0000000638c00000|  0%| F|  |TAMS 0x0000000638800000| PB 0x0000000638800000| Untracked 
| 227|0x0000000638c00000, 0x0000000638c00000, 0x0000000639000000|  0%| F|  |TAMS 0x0000000638c00000| PB 0x0000000638c00000| Untracked 
| 228|0x0000000639000000, 0x0000000639000000, 0x0000000639400000|  0%| F|  |TAMS 0x0000000639000000| PB 0x0000000639000000| Untracked 
| 229|0x0000000639400000, 0x0000000639400000, 0x0000000639800000|  0%| F|  |TAMS 0x0000000639400000| PB 0x0000000639400000| Untracked 
| 230|0x0000000639800000, 0x0000000639800000, 0x0000000639c00000|  0%| F|  |TAMS 0x0000000639800000| PB 0x0000000639800000| Untracked 
| 231|0x0000000639c00000, 0x0000000639c00000, 0x000000063a000000|  0%| F|  |TAMS 0x0000000639c00000| PB 0x0000000639c00000| Untracked 
| 232|0x000000063a000000, 0x000000063a000000, 0x000000063a400000|  0%| F|  |TAMS 0x000000063a000000| PB 0x000000063a000000| Untracked 
| 233|0x000000063a400000, 0x000000063a400000, 0x000000063a800000|  0%| F|  |TAMS 0x000000063a400000| PB 0x000000063a400000| Untracked 
| 234|0x000000063a800000, 0x000000063a800000, 0x000000063ac00000|  0%| F|  |TAMS 0x000000063a800000| PB 0x000000063a800000| Untracked 
| 235|0x000000063ac00000, 0x000000063ac00000, 0x000000063b000000|  0%| F|  |TAMS 0x000000063ac00000| PB 0x000000063ac00000| Untracked 
| 236|0x000000063b000000, 0x000000063b000000, 0x000000063b400000|  0%| F|  |TAMS 0x000000063b000000| PB 0x000000063b000000| Untracked 
| 237|0x000000063b400000, 0x000000063b400000, 0x000000063b800000|  0%| F|  |TAMS 0x000000063b400000| PB 0x000000063b400000| Untracked 
| 238|0x000000063b800000, 0x000000063b800000, 0x000000063bc00000|  0%| F|  |TAMS 0x000000063b800000| PB 0x000000063b800000| Untracked 
| 239|0x000000063bc00000, 0x000000063bc00000, 0x000000063c000000|  0%| F|  |TAMS 0x000000063bc00000| PB 0x000000063bc00000| Untracked 
| 240|0x000000063c000000, 0x000000063c000000, 0x000000063c400000|  0%| F|  |TAMS 0x000000063c000000| PB 0x000000063c000000| Untracked 
| 241|0x000000063c400000, 0x000000063c400000, 0x000000063c800000|  0%| F|  |TAMS 0x000000063c400000| PB 0x000000063c400000| Untracked 
| 242|0x000000063c800000, 0x000000063c800000, 0x000000063cc00000|  0%| F|  |TAMS 0x000000063c800000| PB 0x000000063c800000| Untracked 
| 243|0x000000063cc00000, 0x000000063cc00000, 0x000000063d000000|  0%| F|  |TAMS 0x000000063cc00000| PB 0x000000063cc00000| Untracked 
| 244|0x000000063d000000, 0x000000063d000000, 0x000000063d400000|  0%| F|  |TAMS 0x000000063d000000| PB 0x000000063d000000| Untracked 
| 245|0x000000063d400000, 0x000000063d400000, 0x000000063d800000|  0%| F|  |TAMS 0x000000063d400000| PB 0x000000063d400000| Untracked 
| 246|0x000000063d800000, 0x000000063d800000, 0x000000063dc00000|  0%| F|  |TAMS 0x000000063d800000| PB 0x000000063d800000| Untracked 
| 247|0x000000063dc00000, 0x000000063dc00000, 0x000000063e000000|  0%| F|  |TAMS 0x000000063dc00000| PB 0x000000063dc00000| Untracked 
| 248|0x000000063e000000, 0x000000063e000000, 0x000000063e400000|  0%| F|  |TAMS 0x000000063e000000| PB 0x000000063e000000| Untracked 
| 249|0x000000063e400000, 0x000000063e400000, 0x000000063e800000|  0%| F|  |TAMS 0x000000063e400000| PB 0x000000063e400000| Untracked 
| 250|0x000000063e800000, 0x000000063e800000, 0x000000063ec00000|  0%| F|  |TAMS 0x000000063e800000| PB 0x000000063e800000| Untracked 
| 251|0x000000063ec00000, 0x000000063ec00000, 0x000000063f000000|  0%| F|  |TAMS 0x000000063ec00000| PB 0x000000063ec00000| Untracked 
| 252|0x000000063f000000, 0x000000063f000000, 0x000000063f400000|  0%| F|  |TAMS 0x000000063f000000| PB 0x000000063f000000| Untracked 
| 253|0x000000063f400000, 0x000000063f400000, 0x000000063f800000|  0%| F|  |TAMS 0x000000063f400000| PB 0x000000063f400000| Untracked 
| 254|0x000000063f800000, 0x000000063f800000, 0x000000063fc00000|  0%| F|  |TAMS 0x000000063f800000| PB 0x000000063f800000| Untracked 
| 255|0x000000063fc00000, 0x000000063fc00000, 0x0000000640000000|  0%| F|  |TAMS 0x000000063fc00000| PB 0x000000063fc00000| Untracked 
| 256|0x0000000640000000, 0x0000000640000000, 0x0000000640400000|  0%| F|  |TAMS 0x0000000640000000| PB 0x0000000640000000| Untracked 
| 257|0x0000000640400000, 0x0000000640400000, 0x0000000640800000|  0%| F|  |TAMS 0x0000000640400000| PB 0x0000000640400000| Untracked 
| 258|0x0000000640800000, 0x0000000640800000, 0x0000000640c00000|  0%| F|  |TAMS 0x0000000640800000| PB 0x0000000640800000| Untracked 
| 259|0x0000000640c00000, 0x0000000640c00000, 0x0000000641000000|  0%| F|  |TAMS 0x0000000640c00000| PB 0x0000000640c00000| Untracked 
| 260|0x0000000641000000, 0x0000000641000000, 0x0000000641400000|  0%| F|  |TAMS 0x0000000641000000| PB 0x0000000641000000| Untracked 
| 261|0x0000000641400000, 0x0000000641400000, 0x0000000641800000|  0%| F|  |TAMS 0x0000000641400000| PB 0x0000000641400000| Untracked 
| 262|0x0000000641800000, 0x0000000641800000, 0x0000000641c00000|  0%| F|  |TAMS 0x0000000641800000| PB 0x0000000641800000| Untracked 
| 263|0x0000000641c00000, 0x0000000641c00000, 0x0000000642000000|  0%| F|  |TAMS 0x0000000641c00000| PB 0x0000000641c00000| Untracked 
| 264|0x0000000642000000, 0x0000000642000000, 0x0000000642400000|  0%| F|  |TAMS 0x0000000642000000| PB 0x0000000642000000| Untracked 
| 265|0x0000000642400000, 0x0000000642400000, 0x0000000642800000|  0%| F|  |TAMS 0x0000000642400000| PB 0x0000000642400000| Untracked 
| 266|0x0000000642800000, 0x0000000642800000, 0x0000000642c00000|  0%| F|  |TAMS 0x0000000642800000| PB 0x0000000642800000| Untracked 
| 267|0x0000000642c00000, 0x0000000642c00000, 0x0000000643000000|  0%| F|  |TAMS 0x0000000642c00000| PB 0x0000000642c00000| Untracked 
| 268|0x0000000643000000, 0x0000000643000000, 0x0000000643400000|  0%| F|  |TAMS 0x0000000643000000| PB 0x0000000643000000| Untracked 
| 269|0x0000000643400000, 0x0000000643400000, 0x0000000643800000|  0%| F|  |TAMS 0x0000000643400000| PB 0x0000000643400000| Untracked 
| 270|0x0000000643800000, 0x0000000643800000, 0x0000000643c00000|  0%| F|  |TAMS 0x0000000643800000| PB 0x0000000643800000| Untracked 
| 271|0x0000000643c00000, 0x0000000643c00000, 0x0000000644000000|  0%| F|  |TAMS 0x0000000643c00000| PB 0x0000000643c00000| Untracked 
| 272|0x0000000644000000, 0x0000000644000000, 0x0000000644400000|  0%| F|  |TAMS 0x0000000644000000| PB 0x0000000644000000| Untracked 
| 273|0x0000000644400000, 0x0000000644400000, 0x0000000644800000|  0%| F|  |TAMS 0x0000000644400000| PB 0x0000000644400000| Untracked 
| 274|0x0000000644800000, 0x0000000644800000, 0x0000000644c00000|  0%| F|  |TAMS 0x0000000644800000| PB 0x0000000644800000| Untracked 
| 275|0x0000000644c00000, 0x0000000644c00000, 0x0000000645000000|  0%| F|  |TAMS 0x0000000644c00000| PB 0x0000000644c00000| Untracked 
| 276|0x0000000645000000, 0x0000000645000000, 0x0000000645400000|  0%| F|  |TAMS 0x0000000645000000| PB 0x0000000645000000| Untracked 
| 277|0x0000000645400000, 0x0000000645400000, 0x0000000645800000|  0%| F|  |TAMS 0x0000000645400000| PB 0x0000000645400000| Untracked 
| 278|0x0000000645800000, 0x0000000645800000, 0x0000000645c00000|  0%| F|  |TAMS 0x0000000645800000| PB 0x0000000645800000| Untracked 
| 279|0x0000000645c00000, 0x0000000645c00000, 0x0000000646000000|  0%| F|  |TAMS 0x0000000645c00000| PB 0x0000000645c00000| Untracked 
| 280|0x0000000646000000, 0x0000000646000000, 0x0000000646400000|  0%| F|  |TAMS 0x0000000646000000| PB 0x0000000646000000| Untracked 
| 281|0x0000000646400000, 0x0000000646400000, 0x0000000646800000|  0%| F|  |TAMS 0x0000000646400000| PB 0x0000000646400000| Untracked 
| 282|0x0000000646800000, 0x0000000646800000, 0x0000000646c00000|  0%| F|  |TAMS 0x0000000646800000| PB 0x0000000646800000| Untracked 
| 283|0x0000000646c00000, 0x0000000646c00000, 0x0000000647000000|  0%| F|  |TAMS 0x0000000646c00000| PB 0x0000000646c00000| Untracked 
| 284|0x0000000647000000, 0x0000000647000000, 0x0000000647400000|  0%| F|  |TAMS 0x0000000647000000| PB 0x0000000647000000| Untracked 
| 285|0x0000000647400000, 0x0000000647400000, 0x0000000647800000|  0%| F|  |TAMS 0x0000000647400000| PB 0x0000000647400000| Untracked 
| 286|0x0000000647800000, 0x0000000647800000, 0x0000000647c00000|  0%| F|  |TAMS 0x0000000647800000| PB 0x0000000647800000| Untracked 
| 287|0x0000000647c00000, 0x0000000647c00000, 0x0000000648000000|  0%| F|  |TAMS 0x0000000647c00000| PB 0x0000000647c00000| Untracked 
| 288|0x0000000648000000, 0x0000000648000000, 0x0000000648400000|  0%| F|  |TAMS 0x0000000648000000| PB 0x0000000648000000| Untracked 
| 289|0x0000000648400000, 0x0000000648400000, 0x0000000648800000|  0%| F|  |TAMS 0x0000000648400000| PB 0x0000000648400000| Untracked 
| 290|0x0000000648800000, 0x0000000648800000, 0x0000000648c00000|  0%| F|  |TAMS 0x0000000648800000| PB 0x0000000648800000| Untracked 
| 291|0x0000000648c00000, 0x0000000648c00000, 0x0000000649000000|  0%| F|  |TAMS 0x0000000648c00000| PB 0x0000000648c00000| Untracked 
| 292|0x0000000649000000, 0x0000000649000000, 0x0000000649400000|  0%| F|  |TAMS 0x0000000649000000| PB 0x0000000649000000| Untracked 
| 293|0x0000000649400000, 0x0000000649400000, 0x0000000649800000|  0%| F|  |TAMS 0x0000000649400000| PB 0x0000000649400000| Untracked 
| 294|0x0000000649800000, 0x0000000649800000, 0x0000000649c00000|  0%| F|  |TAMS 0x0000000649800000| PB 0x0000000649800000| Untracked 
| 295|0x0000000649c00000, 0x0000000649c00000, 0x000000064a000000|  0%| F|  |TAMS 0x0000000649c00000| PB 0x0000000649c00000| Untracked 
| 296|0x000000064a000000, 0x000000064a000000, 0x000000064a400000|  0%| F|  |TAMS 0x000000064a000000| PB 0x000000064a000000| Untracked 
| 297|0x000000064a400000, 0x000000064a400000, 0x000000064a800000|  0%| F|  |TAMS 0x000000064a400000| PB 0x000000064a400000| Untracked 
| 298|0x000000064a800000, 0x000000064a800000, 0x000000064ac00000|  0%| F|  |TAMS 0x000000064a800000| PB 0x000000064a800000| Untracked 
| 299|0x000000064ac00000, 0x000000064ac00000, 0x000000064b000000|  0%| F|  |TAMS 0x000000064ac00000| PB 0x000000064ac00000| Untracked 
| 300|0x000000064b000000, 0x000000064b000000, 0x000000064b400000|  0%| F|  |TAMS 0x000000064b000000| PB 0x000000064b000000| Untracked 
| 301|0x000000064b400000, 0x000000064b400000, 0x000000064b800000|  0%| F|  |TAMS 0x000000064b400000| PB 0x000000064b400000| Untracked 
| 302|0x000000064b800000, 0x000000064b800000, 0x000000064bc00000|  0%| F|  |TAMS 0x000000064b800000| PB 0x000000064b800000| Untracked 
| 303|0x000000064bc00000, 0x000000064bc00000, 0x000000064c000000|  0%| F|  |TAMS 0x000000064bc00000| PB 0x000000064bc00000| Untracked 
| 304|0x000000064c000000, 0x000000064c000000, 0x000000064c400000|  0%| F|  |TAMS 0x000000064c000000| PB 0x000000064c000000| Untracked 
| 305|0x000000064c400000, 0x000000064c400000, 0x000000064c800000|  0%| F|  |TAMS 0x000000064c400000| PB 0x000000064c400000| Untracked 
| 306|0x000000064c800000, 0x000000064c800000, 0x000000064cc00000|  0%| F|  |TAMS 0x000000064c800000| PB 0x000000064c800000| Untracked 
| 307|0x000000064cc00000, 0x000000064cc00000, 0x000000064d000000|  0%| F|  |TAMS 0x000000064cc00000| PB 0x000000064cc00000| Untracked 
| 308|0x000000064d000000, 0x000000064d000000, 0x000000064d400000|  0%| F|  |TAMS 0x000000064d000000| PB 0x000000064d000000| Untracked 
| 309|0x000000064d400000, 0x000000064d400000, 0x000000064d800000|  0%| F|  |TAMS 0x000000064d400000| PB 0x000000064d400000| Untracked 
| 310|0x000000064d800000, 0x000000064d800000, 0x000000064dc00000|  0%| F|  |TAMS 0x000000064d800000| PB 0x000000064d800000| Untracked 
| 311|0x000000064dc00000, 0x000000064dc00000, 0x000000064e000000|  0%| F|  |TAMS 0x000000064dc00000| PB 0x000000064dc00000| Untracked 
| 312|0x000000064e000000, 0x000000064e000000, 0x000000064e400000|  0%| F|  |TAMS 0x000000064e000000| PB 0x000000064e000000| Untracked 
| 313|0x000000064e400000, 0x000000064e400000, 0x000000064e800000|  0%| F|  |TAMS 0x000000064e400000| PB 0x000000064e400000| Untracked 
| 314|0x000000064e800000, 0x000000064e800000, 0x000000064ec00000|  0%| F|  |TAMS 0x000000064e800000| PB 0x000000064e800000| Untracked 
| 315|0x000000064ec00000, 0x000000064ec00000, 0x000000064f000000|  0%| F|  |TAMS 0x000000064ec00000| PB 0x000000064ec00000| Untracked 
| 316|0x000000064f000000, 0x000000064f000000, 0x000000064f400000|  0%| F|  |TAMS 0x000000064f000000| PB 0x000000064f000000| Untracked 
| 317|0x000000064f400000, 0x000000064f400000, 0x000000064f800000|  0%| F|  |TAMS 0x000000064f400000| PB 0x000000064f400000| Untracked 
| 318|0x000000064f800000, 0x000000064f800000, 0x000000064fc00000|  0%| F|  |TAMS 0x000000064f800000| PB 0x000000064f800000| Untracked 
| 319|0x000000064fc00000, 0x000000064fc00000, 0x0000000650000000|  0%| F|  |TAMS 0x000000064fc00000| PB 0x000000064fc00000| Untracked 
| 320|0x0000000650000000, 0x0000000650000000, 0x0000000650400000|  0%| F|  |TAMS 0x0000000650000000| PB 0x0000000650000000| Untracked 
| 321|0x0000000650400000, 0x0000000650400000, 0x0000000650800000|  0%| F|  |TAMS 0x0000000650400000| PB 0x0000000650400000| Untracked 
| 322|0x0000000650800000, 0x0000000650800000, 0x0000000650c00000|  0%| F|  |TAMS 0x0000000650800000| PB 0x0000000650800000| Untracked 
| 323|0x0000000650c00000, 0x0000000650c00000, 0x0000000651000000|  0%| F|  |TAMS 0x0000000650c00000| PB 0x0000000650c00000| Untracked 
| 324|0x0000000651000000, 0x0000000651000000, 0x0000000651400000|  0%| F|  |TAMS 0x0000000651000000| PB 0x0000000651000000| Untracked 
| 325|0x0000000651400000, 0x0000000651400000, 0x0000000651800000|  0%| F|  |TAMS 0x0000000651400000| PB 0x0000000651400000| Untracked 
| 326|0x0000000651800000, 0x0000000651800000, 0x0000000651c00000|  0%| F|  |TAMS 0x0000000651800000| PB 0x0000000651800000| Untracked 
| 327|0x0000000651c00000, 0x0000000651c00000, 0x0000000652000000|  0%| F|  |TAMS 0x0000000651c00000| PB 0x0000000651c00000| Untracked 
| 328|0x0000000652000000, 0x0000000652000000, 0x0000000652400000|  0%| F|  |TAMS 0x0000000652000000| PB 0x0000000652000000| Untracked 
| 329|0x0000000652400000, 0x0000000652400000, 0x0000000652800000|  0%| F|  |TAMS 0x0000000652400000| PB 0x0000000652400000| Untracked 
| 330|0x0000000652800000, 0x0000000652800000, 0x0000000652c00000|  0%| F|  |TAMS 0x0000000652800000| PB 0x0000000652800000| Untracked 
| 331|0x0000000652c00000, 0x0000000652c00000, 0x0000000653000000|  0%| F|  |TAMS 0x0000000652c00000| PB 0x0000000652c00000| Untracked 
| 332|0x0000000653000000, 0x0000000653000000, 0x0000000653400000|  0%| F|  |TAMS 0x0000000653000000| PB 0x0000000653000000| Untracked 
| 333|0x0000000653400000, 0x0000000653400000, 0x0000000653800000|  0%| F|  |TAMS 0x0000000653400000| PB 0x0000000653400000| Untracked 
| 334|0x0000000653800000, 0x0000000653800000, 0x0000000653c00000|  0%| F|  |TAMS 0x0000000653800000| PB 0x0000000653800000| Untracked 
| 335|0x0000000653c00000, 0x0000000653c00000, 0x0000000654000000|  0%| F|  |TAMS 0x0000000653c00000| PB 0x0000000653c00000| Untracked 
| 336|0x0000000654000000, 0x0000000654000000, 0x0000000654400000|  0%| F|  |TAMS 0x0000000654000000| PB 0x0000000654000000| Untracked 
| 337|0x0000000654400000, 0x0000000654400000, 0x0000000654800000|  0%| F|  |TAMS 0x0000000654400000| PB 0x0000000654400000| Untracked 
| 338|0x0000000654800000, 0x0000000654800000, 0x0000000654c00000|  0%| F|  |TAMS 0x0000000654800000| PB 0x0000000654800000| Untracked 
| 339|0x0000000654c00000, 0x0000000654c00000, 0x0000000655000000|  0%| F|  |TAMS 0x0000000654c00000| PB 0x0000000654c00000| Untracked 
| 340|0x0000000655000000, 0x0000000655000000, 0x0000000655400000|  0%| F|  |TAMS 0x0000000655000000| PB 0x0000000655000000| Untracked 
| 341|0x0000000655400000, 0x0000000655400000, 0x0000000655800000|  0%| F|  |TAMS 0x0000000655400000| PB 0x0000000655400000| Untracked 
| 342|0x0000000655800000, 0x0000000655800000, 0x0000000655c00000|  0%| F|  |TAMS 0x0000000655800000| PB 0x0000000655800000| Untracked 
| 343|0x0000000655c00000, 0x0000000655c00000, 0x0000000656000000|  0%| F|  |TAMS 0x0000000655c00000| PB 0x0000000655c00000| Untracked 
| 344|0x0000000656000000, 0x0000000656000000, 0x0000000656400000|  0%| F|  |TAMS 0x0000000656000000| PB 0x0000000656000000| Untracked 
| 345|0x0000000656400000, 0x0000000656400000, 0x0000000656800000|  0%| F|  |TAMS 0x0000000656400000| PB 0x0000000656400000| Untracked 
| 346|0x0000000656800000, 0x0000000656800000, 0x0000000656c00000|  0%| F|  |TAMS 0x0000000656800000| PB 0x0000000656800000| Untracked 
| 347|0x0000000656c00000, 0x0000000656c00000, 0x0000000657000000|  0%| F|  |TAMS 0x0000000656c00000| PB 0x0000000656c00000| Untracked 
| 348|0x0000000657000000, 0x0000000657000000, 0x0000000657400000|  0%| F|  |TAMS 0x0000000657000000| PB 0x0000000657000000| Untracked 
| 349|0x0000000657400000, 0x0000000657400000, 0x0000000657800000|  0%| F|  |TAMS 0x0000000657400000| PB 0x0000000657400000| Untracked 
| 350|0x0000000657800000, 0x0000000657800000, 0x0000000657c00000|  0%| F|  |TAMS 0x0000000657800000| PB 0x0000000657800000| Untracked 
| 351|0x0000000657c00000, 0x0000000657c00000, 0x0000000658000000|  0%| F|  |TAMS 0x0000000657c00000| PB 0x0000000657c00000| Untracked 
| 352|0x0000000658000000, 0x0000000658000000, 0x0000000658400000|  0%| F|  |TAMS 0x0000000658000000| PB 0x0000000658000000| Untracked 
| 353|0x0000000658400000, 0x0000000658400000, 0x0000000658800000|  0%| F|  |TAMS 0x0000000658400000| PB 0x0000000658400000| Untracked 
| 354|0x0000000658800000, 0x0000000658800000, 0x0000000658c00000|  0%| F|  |TAMS 0x0000000658800000| PB 0x0000000658800000| Untracked 
| 355|0x0000000658c00000, 0x0000000658c00000, 0x0000000659000000|  0%| F|  |TAMS 0x0000000658c00000| PB 0x0000000658c00000| Untracked 
| 356|0x0000000659000000, 0x0000000659000000, 0x0000000659400000|  0%| F|  |TAMS 0x0000000659000000| PB 0x0000000659000000| Untracked 
| 357|0x0000000659400000, 0x0000000659400000, 0x0000000659800000|  0%| F|  |TAMS 0x0000000659400000| PB 0x0000000659400000| Untracked 
| 358|0x0000000659800000, 0x0000000659800000, 0x0000000659c00000|  0%| F|  |TAMS 0x0000000659800000| PB 0x0000000659800000| Untracked 
| 359|0x0000000659c00000, 0x0000000659c00000, 0x000000065a000000|  0%| F|  |TAMS 0x0000000659c00000| PB 0x0000000659c00000| Untracked 
| 360|0x000000065a000000, 0x000000065a000000, 0x000000065a400000|  0%| F|  |TAMS 0x000000065a000000| PB 0x000000065a000000| Untracked 
| 361|0x000000065a400000, 0x000000065a400000, 0x000000065a800000|  0%| F|  |TAMS 0x000000065a400000| PB 0x000000065a400000| Untracked 
| 362|0x000000065a800000, 0x000000065a800000, 0x000000065ac00000|  0%| F|  |TAMS 0x000000065a800000| PB 0x000000065a800000| Untracked 
| 363|0x000000065ac00000, 0x000000065ac00000, 0x000000065b000000|  0%| F|  |TAMS 0x000000065ac00000| PB 0x000000065ac00000| Untracked 
| 364|0x000000065b000000, 0x000000065b000000, 0x000000065b400000|  0%| F|  |TAMS 0x000000065b000000| PB 0x000000065b000000| Untracked 
| 365|0x000000065b400000, 0x000000065b400000, 0x000000065b800000|  0%| F|  |TAMS 0x000000065b400000| PB 0x000000065b400000| Untracked 
| 366|0x000000065b800000, 0x000000065b800000, 0x000000065bc00000|  0%| F|  |TAMS 0x000000065b800000| PB 0x000000065b800000| Untracked 
| 367|0x000000065bc00000, 0x000000065bc00000, 0x000000065c000000|  0%| F|  |TAMS 0x000000065bc00000| PB 0x000000065bc00000| Untracked 
| 368|0x000000065c000000, 0x000000065c000000, 0x000000065c400000|  0%| F|  |TAMS 0x000000065c000000| PB 0x000000065c000000| Untracked 
| 369|0x000000065c400000, 0x000000065c400000, 0x000000065c800000|  0%| F|  |TAMS 0x000000065c400000| PB 0x000000065c400000| Untracked 
| 370|0x000000065c800000, 0x000000065c800000, 0x000000065cc00000|  0%| F|  |TAMS 0x000000065c800000| PB 0x000000065c800000| Untracked 
| 371|0x000000065cc00000, 0x000000065cc00000, 0x000000065d000000|  0%| F|  |TAMS 0x000000065cc00000| PB 0x000000065cc00000| Untracked 
| 372|0x000000065d000000, 0x000000065d000000, 0x000000065d400000|  0%| F|  |TAMS 0x000000065d000000| PB 0x000000065d000000| Untracked 
| 373|0x000000065d400000, 0x000000065d400000, 0x000000065d800000|  0%| F|  |TAMS 0x000000065d400000| PB 0x000000065d400000| Untracked 
| 374|0x000000065d800000, 0x000000065d800000, 0x000000065dc00000|  0%| F|  |TAMS 0x000000065d800000| PB 0x000000065d800000| Untracked 
| 375|0x000000065dc00000, 0x000000065dc00000, 0x000000065e000000|  0%| F|  |TAMS 0x000000065dc00000| PB 0x000000065dc00000| Untracked 
| 376|0x000000065e000000, 0x000000065e000000, 0x000000065e400000|  0%| F|  |TAMS 0x000000065e000000| PB 0x000000065e000000| Untracked 
| 377|0x000000065e400000, 0x000000065e400000, 0x000000065e800000|  0%| F|  |TAMS 0x000000065e400000| PB 0x000000065e400000| Untracked 
| 378|0x000000065e800000, 0x000000065e800000, 0x000000065ec00000|  0%| F|  |TAMS 0x000000065e800000| PB 0x000000065e800000| Untracked 
| 379|0x000000065ec00000, 0x000000065ec00000, 0x000000065f000000|  0%| F|  |TAMS 0x000000065ec00000| PB 0x000000065ec00000| Untracked 
| 380|0x000000065f000000, 0x000000065f000000, 0x000000065f400000|  0%| F|  |TAMS 0x000000065f000000| PB 0x000000065f000000| Untracked 
| 381|0x000000065f400000, 0x000000065f400000, 0x000000065f800000|  0%| F|  |TAMS 0x000000065f400000| PB 0x000000065f400000| Untracked 
| 382|0x000000065f800000, 0x000000065f800000, 0x000000065fc00000|  0%| F|  |TAMS 0x000000065f800000| PB 0x000000065f800000| Untracked 
| 383|0x000000065fc00000, 0x000000065fc00000, 0x0000000660000000|  0%| F|  |TAMS 0x000000065fc00000| PB 0x000000065fc00000| Untracked 
| 384|0x0000000660000000, 0x0000000660000000, 0x0000000660400000|  0%| F|  |TAMS 0x0000000660000000| PB 0x0000000660000000| Untracked 
| 385|0x0000000660400000, 0x0000000660400000, 0x0000000660800000|  0%| F|  |TAMS 0x0000000660400000| PB 0x0000000660400000| Untracked 
| 386|0x0000000660800000, 0x0000000660800000, 0x0000000660c00000|  0%| F|  |TAMS 0x0000000660800000| PB 0x0000000660800000| Untracked 
| 387|0x0000000660c00000, 0x0000000660c00000, 0x0000000661000000|  0%| F|  |TAMS 0x0000000660c00000| PB 0x0000000660c00000| Untracked 
| 388|0x0000000661000000, 0x0000000661000000, 0x0000000661400000|  0%| F|  |TAMS 0x0000000661000000| PB 0x0000000661000000| Untracked 
| 389|0x0000000661400000, 0x0000000661400000, 0x0000000661800000|  0%| F|  |TAMS 0x0000000661400000| PB 0x0000000661400000| Untracked 
| 390|0x0000000661800000, 0x0000000661800000, 0x0000000661c00000|  0%| F|  |TAMS 0x0000000661800000| PB 0x0000000661800000| Untracked 
| 391|0x0000000661c00000, 0x0000000661c00000, 0x0000000662000000|  0%| F|  |TAMS 0x0000000661c00000| PB 0x0000000661c00000| Untracked 
| 392|0x0000000662000000, 0x0000000662000000, 0x0000000662400000|  0%| F|  |TAMS 0x0000000662000000| PB 0x0000000662000000| Untracked 
| 393|0x0000000662400000, 0x0000000662400000, 0x0000000662800000|  0%| F|  |TAMS 0x0000000662400000| PB 0x0000000662400000| Untracked 
| 394|0x0000000662800000, 0x0000000662800000, 0x0000000662c00000|  0%| F|  |TAMS 0x0000000662800000| PB 0x0000000662800000| Untracked 
| 395|0x0000000662c00000, 0x0000000662c00000, 0x0000000663000000|  0%| F|  |TAMS 0x0000000662c00000| PB 0x0000000662c00000| Untracked 
| 396|0x0000000663000000, 0x0000000663000000, 0x0000000663400000|  0%| F|  |TAMS 0x0000000663000000| PB 0x0000000663000000| Untracked 
| 397|0x0000000663400000, 0x0000000663400000, 0x0000000663800000|  0%| F|  |TAMS 0x0000000663400000| PB 0x0000000663400000| Untracked 
| 398|0x0000000663800000, 0x0000000663800000, 0x0000000663c00000|  0%| F|  |TAMS 0x0000000663800000| PB 0x0000000663800000| Untracked 
| 399|0x0000000663c00000, 0x0000000663c00000, 0x0000000664000000|  0%| F|  |TAMS 0x0000000663c00000| PB 0x0000000663c00000| Untracked 
| 400|0x0000000664000000, 0x0000000664000000, 0x0000000664400000|  0%| F|  |TAMS 0x0000000664000000| PB 0x0000000664000000| Untracked 
| 401|0x0000000664400000, 0x0000000664400000, 0x0000000664800000|  0%| F|  |TAMS 0x0000000664400000| PB 0x0000000664400000| Untracked 
| 402|0x0000000664800000, 0x0000000664800000, 0x0000000664c00000|  0%| F|  |TAMS 0x0000000664800000| PB 0x0000000664800000| Untracked 
| 403|0x0000000664c00000, 0x0000000664c00000, 0x0000000665000000|  0%| F|  |TAMS 0x0000000664c00000| PB 0x0000000664c00000| Untracked 
| 404|0x0000000665000000, 0x0000000665000000, 0x0000000665400000|  0%| F|  |TAMS 0x0000000665000000| PB 0x0000000665000000| Untracked 
| 405|0x0000000665400000, 0x0000000665400000, 0x0000000665800000|  0%| F|  |TAMS 0x0000000665400000| PB 0x0000000665400000| Untracked 
| 406|0x0000000665800000, 0x0000000665800000, 0x0000000665c00000|  0%| F|  |TAMS 0x0000000665800000| PB 0x0000000665800000| Untracked 
| 407|0x0000000665c00000, 0x0000000665c00000, 0x0000000666000000|  0%| F|  |TAMS 0x0000000665c00000| PB 0x0000000665c00000| Untracked 
| 408|0x0000000666000000, 0x0000000666000000, 0x0000000666400000|  0%| F|  |TAMS 0x0000000666000000| PB 0x0000000666000000| Untracked 
| 409|0x0000000666400000, 0x0000000666400000, 0x0000000666800000|  0%| F|  |TAMS 0x0000000666400000| PB 0x0000000666400000| Untracked 
| 410|0x0000000666800000, 0x0000000666800000, 0x0000000666c00000|  0%| F|  |TAMS 0x0000000666800000| PB 0x0000000666800000| Untracked 
| 411|0x0000000666c00000, 0x0000000666c00000, 0x0000000667000000|  0%| F|  |TAMS 0x0000000666c00000| PB 0x0000000666c00000| Untracked 
| 412|0x0000000667000000, 0x0000000667000000, 0x0000000667400000|  0%| F|  |TAMS 0x0000000667000000| PB 0x0000000667000000| Untracked 
| 413|0x0000000667400000, 0x0000000667400000, 0x0000000667800000|  0%| F|  |TAMS 0x0000000667400000| PB 0x0000000667400000| Untracked 
| 414|0x0000000667800000, 0x0000000667800000, 0x0000000667c00000|  0%| F|  |TAMS 0x0000000667800000| PB 0x0000000667800000| Untracked 
| 415|0x0000000667c00000, 0x0000000667c00000, 0x0000000668000000|  0%| F|  |TAMS 0x0000000667c00000| PB 0x0000000667c00000| Untracked 
| 416|0x0000000668000000, 0x0000000668000000, 0x0000000668400000|  0%| F|  |TAMS 0x0000000668000000| PB 0x0000000668000000| Untracked 
| 417|0x0000000668400000, 0x0000000668400000, 0x0000000668800000|  0%| F|  |TAMS 0x0000000668400000| PB 0x0000000668400000| Untracked 
| 418|0x0000000668800000, 0x0000000668800000, 0x0000000668c00000|  0%| F|  |TAMS 0x0000000668800000| PB 0x0000000668800000| Untracked 
| 419|0x0000000668c00000, 0x0000000668c00000, 0x0000000669000000|  0%| F|  |TAMS 0x0000000668c00000| PB 0x0000000668c00000| Untracked 
| 420|0x0000000669000000, 0x0000000669000000, 0x0000000669400000|  0%| F|  |TAMS 0x0000000669000000| PB 0x0000000669000000| Untracked 
| 421|0x0000000669400000, 0x0000000669400000, 0x0000000669800000|  0%| F|  |TAMS 0x0000000669400000| PB 0x0000000669400000| Untracked 
| 422|0x0000000669800000, 0x0000000669800000, 0x0000000669c00000|  0%| F|  |TAMS 0x0000000669800000| PB 0x0000000669800000| Untracked 
| 423|0x0000000669c00000, 0x0000000669c00000, 0x000000066a000000|  0%| F|  |TAMS 0x0000000669c00000| PB 0x0000000669c00000| Untracked 
| 424|0x000000066a000000, 0x000000066a000000, 0x000000066a400000|  0%| F|  |TAMS 0x000000066a000000| PB 0x000000066a000000| Untracked 
| 425|0x000000066a400000, 0x000000066a400000, 0x000000066a800000|  0%| F|  |TAMS 0x000000066a400000| PB 0x000000066a400000| Untracked 
| 426|0x000000066a800000, 0x000000066a800000, 0x000000066ac00000|  0%| F|  |TAMS 0x000000066a800000| PB 0x000000066a800000| Untracked 
| 427|0x000000066ac00000, 0x000000066ac00000, 0x000000066b000000|  0%| F|  |TAMS 0x000000066ac00000| PB 0x000000066ac00000| Untracked 
| 428|0x000000066b000000, 0x000000066b000000, 0x000000066b400000|  0%| F|  |TAMS 0x000000066b000000| PB 0x000000066b000000| Untracked 
| 429|0x000000066b400000, 0x000000066b400000, 0x000000066b800000|  0%| F|  |TAMS 0x000000066b400000| PB 0x000000066b400000| Untracked 
| 430|0x000000066b800000, 0x000000066b800000, 0x000000066bc00000|  0%| F|  |TAMS 0x000000066b800000| PB 0x000000066b800000| Untracked 
| 431|0x000000066bc00000, 0x000000066bc00000, 0x000000066c000000|  0%| F|  |TAMS 0x000000066bc00000| PB 0x000000066bc00000| Untracked 
| 432|0x000000066c000000, 0x000000066c000000, 0x000000066c400000|  0%| F|  |TAMS 0x000000066c000000| PB 0x000000066c000000| Untracked 
| 433|0x000000066c400000, 0x000000066c400000, 0x000000066c800000|  0%| F|  |TAMS 0x000000066c400000| PB 0x000000066c400000| Untracked 
| 434|0x000000066c800000, 0x000000066c800000, 0x000000066cc00000|  0%| F|  |TAMS 0x000000066c800000| PB 0x000000066c800000| Untracked 
| 435|0x000000066cc00000, 0x000000066cc00000, 0x000000066d000000|  0%| F|  |TAMS 0x000000066cc00000| PB 0x000000066cc00000| Untracked 
| 436|0x000000066d000000, 0x000000066d000000, 0x000000066d400000|  0%| F|  |TAMS 0x000000066d000000| PB 0x000000066d000000| Untracked 
| 437|0x000000066d400000, 0x000000066d400000, 0x000000066d800000|  0%| F|  |TAMS 0x000000066d400000| PB 0x000000066d400000| Untracked 
| 438|0x000000066d800000, 0x000000066d800000, 0x000000066dc00000|  0%| F|  |TAMS 0x000000066d800000| PB 0x000000066d800000| Untracked 
| 439|0x000000066dc00000, 0x000000066dc00000, 0x000000066e000000|  0%| F|  |TAMS 0x000000066dc00000| PB 0x000000066dc00000| Untracked 
| 440|0x000000066e000000, 0x000000066e000000, 0x000000066e400000|  0%| F|  |TAMS 0x000000066e000000| PB 0x000000066e000000| Untracked 
| 441|0x000000066e400000, 0x000000066e400000, 0x000000066e800000|  0%| F|  |TAMS 0x000000066e400000| PB 0x000000066e400000| Untracked 
| 442|0x000000066e800000, 0x000000066e800000, 0x000000066ec00000|  0%| F|  |TAMS 0x000000066e800000| PB 0x000000066e800000| Untracked 
| 443|0x000000066ec00000, 0x000000066ec00000, 0x000000066f000000|  0%| F|  |TAMS 0x000000066ec00000| PB 0x000000066ec00000| Untracked 
| 444|0x000000066f000000, 0x000000066f000000, 0x000000066f400000|  0%| F|  |TAMS 0x000000066f000000| PB 0x000000066f000000| Untracked 
| 445|0x000000066f400000, 0x000000066f400000, 0x000000066f800000|  0%| F|  |TAMS 0x000000066f400000| PB 0x000000066f400000| Untracked 
| 446|0x000000066f800000, 0x000000066f800000, 0x000000066fc00000|  0%| F|  |TAMS 0x000000066f800000| PB 0x000000066f800000| Untracked 
| 447|0x000000066fc00000, 0x000000066fc00000, 0x0000000670000000|  0%| F|  |TAMS 0x000000066fc00000| PB 0x000000066fc00000| Untracked 
| 448|0x0000000670000000, 0x0000000670000000, 0x0000000670400000|  0%| F|  |TAMS 0x0000000670000000| PB 0x0000000670000000| Untracked 
| 449|0x0000000670400000, 0x0000000670400000, 0x0000000670800000|  0%| F|  |TAMS 0x0000000670400000| PB 0x0000000670400000| Untracked 
| 450|0x0000000670800000, 0x0000000670800000, 0x0000000670c00000|  0%| F|  |TAMS 0x0000000670800000| PB 0x0000000670800000| Untracked 
| 451|0x0000000670c00000, 0x0000000670c00000, 0x0000000671000000|  0%| F|  |TAMS 0x0000000670c00000| PB 0x0000000670c00000| Untracked 
| 452|0x0000000671000000, 0x0000000671000000, 0x0000000671400000|  0%| F|  |TAMS 0x0000000671000000| PB 0x0000000671000000| Untracked 
| 453|0x0000000671400000, 0x0000000671400000, 0x0000000671800000|  0%| F|  |TAMS 0x0000000671400000| PB 0x0000000671400000| Untracked 
| 454|0x0000000671800000, 0x0000000671800000, 0x0000000671c00000|  0%| F|  |TAMS 0x0000000671800000| PB 0x0000000671800000| Untracked 
| 455|0x0000000671c00000, 0x0000000671c00000, 0x0000000672000000|  0%| F|  |TAMS 0x0000000671c00000| PB 0x0000000671c00000| Untracked 
| 456|0x0000000672000000, 0x0000000672000000, 0x0000000672400000|  0%| F|  |TAMS 0x0000000672000000| PB 0x0000000672000000| Untracked 
| 457|0x0000000672400000, 0x0000000672400000, 0x0000000672800000|  0%| F|  |TAMS 0x0000000672400000| PB 0x0000000672400000| Untracked 
| 458|0x0000000672800000, 0x0000000672800000, 0x0000000672c00000|  0%| F|  |TAMS 0x0000000672800000| PB 0x0000000672800000| Untracked 
| 459|0x0000000672c00000, 0x0000000672c00000, 0x0000000673000000|  0%| F|  |TAMS 0x0000000672c00000| PB 0x0000000672c00000| Untracked 
| 460|0x0000000673000000, 0x0000000673000000, 0x0000000673400000|  0%| F|  |TAMS 0x0000000673000000| PB 0x0000000673000000| Untracked 
| 461|0x0000000673400000, 0x0000000673400000, 0x0000000673800000|  0%| F|  |TAMS 0x0000000673400000| PB 0x0000000673400000| Untracked 
| 462|0x0000000673800000, 0x0000000673800000, 0x0000000673c00000|  0%| F|  |TAMS 0x0000000673800000| PB 0x0000000673800000| Untracked 
| 463|0x0000000673c00000, 0x0000000673c00000, 0x0000000674000000|  0%| F|  |TAMS 0x0000000673c00000| PB 0x0000000673c00000| Untracked 
| 464|0x0000000674000000, 0x0000000674000000, 0x0000000674400000|  0%| F|  |TAMS 0x0000000674000000| PB 0x0000000674000000| Untracked 
| 465|0x0000000674400000, 0x0000000674400000, 0x0000000674800000|  0%| F|  |TAMS 0x0000000674400000| PB 0x0000000674400000| Untracked 
| 466|0x0000000674800000, 0x0000000674800000, 0x0000000674c00000|  0%| F|  |TAMS 0x0000000674800000| PB 0x0000000674800000| Untracked 
| 467|0x0000000674c00000, 0x0000000674c00000, 0x0000000675000000|  0%| F|  |TAMS 0x0000000674c00000| PB 0x0000000674c00000| Untracked 
| 468|0x0000000675000000, 0x0000000675000000, 0x0000000675400000|  0%| F|  |TAMS 0x0000000675000000| PB 0x0000000675000000| Untracked 
| 469|0x0000000675400000, 0x0000000675400000, 0x0000000675800000|  0%| F|  |TAMS 0x0000000675400000| PB 0x0000000675400000| Untracked 
| 470|0x0000000675800000, 0x0000000675800000, 0x0000000675c00000|  0%| F|  |TAMS 0x0000000675800000| PB 0x0000000675800000| Untracked 
| 471|0x0000000675c00000, 0x0000000675c00000, 0x0000000676000000|  0%| F|  |TAMS 0x0000000675c00000| PB 0x0000000675c00000| Untracked 
| 472|0x0000000676000000, 0x0000000676000000, 0x0000000676400000|  0%| F|  |TAMS 0x0000000676000000| PB 0x0000000676000000| Untracked 
| 473|0x0000000676400000, 0x0000000676400000, 0x0000000676800000|  0%| F|  |TAMS 0x0000000676400000| PB 0x0000000676400000| Untracked 
| 474|0x0000000676800000, 0x0000000676800000, 0x0000000676c00000|  0%| F|  |TAMS 0x0000000676800000| PB 0x0000000676800000| Untracked 
| 475|0x0000000676c00000, 0x0000000676c00000, 0x0000000677000000|  0%| F|  |TAMS 0x0000000676c00000| PB 0x0000000676c00000| Untracked 
| 476|0x0000000677000000, 0x0000000677000000, 0x0000000677400000|  0%| F|  |TAMS 0x0000000677000000| PB 0x0000000677000000| Untracked 
| 477|0x0000000677400000, 0x0000000677400000, 0x0000000677800000|  0%| F|  |TAMS 0x0000000677400000| PB 0x0000000677400000| Untracked 
| 478|0x0000000677800000, 0x0000000677800000, 0x0000000677c00000|  0%| F|  |TAMS 0x0000000677800000| PB 0x0000000677800000| Untracked 
| 479|0x0000000677c00000, 0x0000000677c00000, 0x0000000678000000|  0%| F|  |TAMS 0x0000000677c00000| PB 0x0000000677c00000| Untracked 
| 480|0x0000000678000000, 0x0000000678000000, 0x0000000678400000|  0%| F|  |TAMS 0x0000000678000000| PB 0x0000000678000000| Untracked 
| 481|0x0000000678400000, 0x0000000678400000, 0x0000000678800000|  0%| F|  |TAMS 0x0000000678400000| PB 0x0000000678400000| Untracked 
| 482|0x0000000678800000, 0x0000000678800000, 0x0000000678c00000|  0%| F|  |TAMS 0x0000000678800000| PB 0x0000000678800000| Untracked 
| 483|0x0000000678c00000, 0x0000000678c00000, 0x0000000679000000|  0%| F|  |TAMS 0x0000000678c00000| PB 0x0000000678c00000| Untracked 
| 484|0x0000000679000000, 0x0000000679000000, 0x0000000679400000|  0%| F|  |TAMS 0x0000000679000000| PB 0x0000000679000000| Untracked 
| 485|0x0000000679400000, 0x0000000679400000, 0x0000000679800000|  0%| F|  |TAMS 0x0000000679400000| PB 0x0000000679400000| Untracked 
| 486|0x0000000679800000, 0x0000000679800000, 0x0000000679c00000|  0%| F|  |TAMS 0x0000000679800000| PB 0x0000000679800000| Untracked 
| 487|0x0000000679c00000, 0x0000000679c00000, 0x000000067a000000|  0%| F|  |TAMS 0x0000000679c00000| PB 0x0000000679c00000| Untracked 
| 488|0x000000067a000000, 0x000000067a000000, 0x000000067a400000|  0%| F|  |TAMS 0x000000067a000000| PB 0x000000067a000000| Untracked 
| 489|0x000000067a400000, 0x000000067a400000, 0x000000067a800000|  0%| F|  |TAMS 0x000000067a400000| PB 0x000000067a400000| Untracked 
| 490|0x000000067a800000, 0x000000067a800000, 0x000000067ac00000|  0%| F|  |TAMS 0x000000067a800000| PB 0x000000067a800000| Untracked 
| 491|0x000000067ac00000, 0x000000067ac00000, 0x000000067b000000|  0%| F|  |TAMS 0x000000067ac00000| PB 0x000000067ac00000| Untracked 
| 492|0x000000067b000000, 0x000000067b000000, 0x000000067b400000|  0%| F|  |TAMS 0x000000067b000000| PB 0x000000067b000000| Untracked 
| 493|0x000000067b400000, 0x000000067b400000, 0x000000067b800000|  0%| F|  |TAMS 0x000000067b400000| PB 0x000000067b400000| Untracked 
| 494|0x000000067b800000, 0x000000067b800000, 0x000000067bc00000|  0%| F|  |TAMS 0x000000067b800000| PB 0x000000067b800000| Untracked 
| 495|0x000000067bc00000, 0x000000067bc00000, 0x000000067c000000|  0%| F|  |TAMS 0x000000067bc00000| PB 0x000000067bc00000| Untracked 
| 496|0x000000067c000000, 0x000000067c000000, 0x000000067c400000|  0%| F|  |TAMS 0x000000067c000000| PB 0x000000067c000000| Untracked 
| 497|0x000000067c400000, 0x000000067c400000, 0x000000067c800000|  0%| F|  |TAMS 0x000000067c400000| PB 0x000000067c400000| Untracked 
| 498|0x000000067c800000, 0x000000067c800000, 0x000000067cc00000|  0%| F|  |TAMS 0x000000067c800000| PB 0x000000067c800000| Untracked 
| 499|0x000000067cc00000, 0x000000067cc00000, 0x000000067d000000|  0%| F|  |TAMS 0x000000067cc00000| PB 0x000000067cc00000| Untracked 
| 500|0x000000067d000000, 0x000000067d000000, 0x000000067d400000|  0%| F|  |TAMS 0x000000067d000000| PB 0x000000067d000000| Untracked 
| 501|0x000000067d400000, 0x000000067d400000, 0x000000067d800000|  0%| F|  |TAMS 0x000000067d400000| PB 0x000000067d400000| Untracked 
| 502|0x000000067d800000, 0x000000067d800000, 0x000000067dc00000|  0%| F|  |TAMS 0x000000067d800000| PB 0x000000067d800000| Untracked 
| 503|0x000000067dc00000, 0x000000067dc00000, 0x000000067e000000|  0%| F|  |TAMS 0x000000067dc00000| PB 0x000000067dc00000| Untracked 
| 504|0x000000067e000000, 0x000000067e000000, 0x000000067e400000|  0%| F|  |TAMS 0x000000067e000000| PB 0x000000067e000000| Untracked 
| 505|0x000000067e400000, 0x000000067e400000, 0x000000067e800000|  0%| F|  |TAMS 0x000000067e400000| PB 0x000000067e400000| Untracked 
| 506|0x000000067e800000, 0x000000067e800000, 0x000000067ec00000|  0%| F|  |TAMS 0x000000067e800000| PB 0x000000067e800000| Untracked 
| 507|0x000000067ec00000, 0x000000067ec00000, 0x000000067f000000|  0%| F|  |TAMS 0x000000067ec00000| PB 0x000000067ec00000| Untracked 
| 508|0x000000067f000000, 0x000000067f000000, 0x000000067f400000|  0%| F|  |TAMS 0x000000067f000000| PB 0x000000067f000000| Untracked 
| 509|0x000000067f400000, 0x000000067f400000, 0x000000067f800000|  0%| F|  |TAMS 0x000000067f400000| PB 0x000000067f400000| Untracked 
| 510|0x000000067f800000, 0x000000067f800000, 0x000000067fc00000|  0%| F|  |TAMS 0x000000067f800000| PB 0x000000067f800000| Untracked 
| 511|0x000000067fc00000, 0x000000067fc00000, 0x0000000680000000|  0%| F|  |TAMS 0x000000067fc00000| PB 0x000000067fc00000| Untracked 
| 512|0x0000000680000000, 0x0000000680000000, 0x0000000680400000|  0%| F|  |TAMS 0x0000000680000000| PB 0x0000000680000000| Untracked 
| 513|0x0000000680400000, 0x0000000680400000, 0x0000000680800000|  0%| F|  |TAMS 0x0000000680400000| PB 0x0000000680400000| Untracked 
| 514|0x0000000680800000, 0x0000000680800000, 0x0000000680c00000|  0%| F|  |TAMS 0x0000000680800000| PB 0x0000000680800000| Untracked 
| 515|0x0000000680c00000, 0x0000000680c00000, 0x0000000681000000|  0%| F|  |TAMS 0x0000000680c00000| PB 0x0000000680c00000| Untracked 
| 516|0x0000000681000000, 0x0000000681000000, 0x0000000681400000|  0%| F|  |TAMS 0x0000000681000000| PB 0x0000000681000000| Untracked 
| 517|0x0000000681400000, 0x0000000681400000, 0x0000000681800000|  0%| F|  |TAMS 0x0000000681400000| PB 0x0000000681400000| Untracked 
| 518|0x0000000681800000, 0x0000000681800000, 0x0000000681c00000|  0%| F|  |TAMS 0x0000000681800000| PB 0x0000000681800000| Untracked 
| 519|0x0000000681c00000, 0x0000000681c00000, 0x0000000682000000|  0%| F|  |TAMS 0x0000000681c00000| PB 0x0000000681c00000| Untracked 
| 520|0x0000000682000000, 0x0000000682000000, 0x0000000682400000|  0%| F|  |TAMS 0x0000000682000000| PB 0x0000000682000000| Untracked 
| 521|0x0000000682400000, 0x0000000682400000, 0x0000000682800000|  0%| F|  |TAMS 0x0000000682400000| PB 0x0000000682400000| Untracked 
| 522|0x0000000682800000, 0x0000000682800000, 0x0000000682c00000|  0%| F|  |TAMS 0x0000000682800000| PB 0x0000000682800000| Untracked 
| 523|0x0000000682c00000, 0x0000000682c00000, 0x0000000683000000|  0%| F|  |TAMS 0x0000000682c00000| PB 0x0000000682c00000| Untracked 
| 524|0x0000000683000000, 0x0000000683340da0, 0x0000000683400000| 81%| S|CS|TAMS 0x0000000683000000| PB 0x0000000683000000| Complete 
| 525|0x0000000683400000, 0x0000000683800000, 0x0000000683800000|100%| S|CS|TAMS 0x0000000683400000| PB 0x0000000683400000| Complete 
| 526|0x0000000683800000, 0x0000000683c00000, 0x0000000683c00000|100%| S|CS|TAMS 0x0000000683800000| PB 0x0000000683800000| Complete 
| 527|0x0000000683c00000, 0x0000000683c00000, 0x0000000684000000|  0%| F|  |TAMS 0x0000000683c00000| PB 0x0000000683c00000| Untracked 
| 528|0x0000000684000000, 0x0000000684000000, 0x0000000684400000|  0%| F|  |TAMS 0x0000000684000000| PB 0x0000000684000000| Untracked 
| 529|0x0000000684400000, 0x0000000684400000, 0x0000000684800000|  0%| F|  |TAMS 0x0000000684400000| PB 0x0000000684400000| Untracked 
| 530|0x0000000684800000, 0x0000000684800000, 0x0000000684c00000|  0%| F|  |TAMS 0x0000000684800000| PB 0x0000000684800000| Untracked 
| 531|0x0000000684c00000, 0x0000000684c00000, 0x0000000685000000|  0%| F|  |TAMS 0x0000000684c00000| PB 0x0000000684c00000| Untracked 
| 532|0x0000000685000000, 0x0000000685000000, 0x0000000685400000|  0%| F|  |TAMS 0x0000000685000000| PB 0x0000000685000000| Untracked 
| 533|0x0000000685400000, 0x0000000685400000, 0x0000000685800000|  0%| F|  |TAMS 0x0000000685400000| PB 0x0000000685400000| Untracked 
| 534|0x0000000685800000, 0x0000000685800000, 0x0000000685c00000|  0%| F|  |TAMS 0x0000000685800000| PB 0x0000000685800000| Untracked 
| 535|0x0000000685c00000, 0x0000000685c00000, 0x0000000686000000|  0%| F|  |TAMS 0x0000000685c00000| PB 0x0000000685c00000| Untracked 
|2006|0x00000007f5800000, 0x00000007f5c00000, 0x00000007f5c00000|100%| O|  |TAMS 0x00000007f5c00000| PB 0x00000007f5800000| Updating 
|2038|0x00000007fd800000, 0x00000007fd800000, 0x00000007fdc00000|  0%| F|  |TAMS 0x00000007fd800000| PB 0x00000007fd800000| Untracked 
|2039|0x00000007fdc00000, 0x00000007fdc00000, 0x00000007fe000000|  0%| F|  |TAMS 0x00000007fdc00000| PB 0x00000007fdc00000| Untracked 
|2040|0x00000007fe000000, 0x00000007fe000000, 0x00000007fe400000|  0%| F|  |TAMS 0x00000007fe000000| PB 0x00000007fe000000| Untracked 
|2041|0x00000007fe400000, 0x00000007fe800000, 0x00000007fe800000|100%| O|  |TAMS 0x00000007fe800000| PB 0x00000007fe400000| Updating 
|2042|0x00000007fe800000, 0x00000007fe800000, 0x00000007fec00000|  0%| F|  |TAMS 0x00000007fe800000| PB 0x00000007fe800000| Untracked 
|2043|0x00000007fec00000, 0x00000007ff000000, 0x00000007ff000000|100%| O|  |TAMS 0x00000007ff000000| PB 0x00000007fec00000| Updating 
|2044|0x00000007ff000000, 0x00000007ff000000, 0x00000007ff400000|  0%| F|  |TAMS 0x00000007ff000000| PB 0x00000007ff000000| Untracked 
|2045|0x00000007ff400000, 0x00000007ff800000, 0x00000007ff800000|100%| O|  |TAMS 0x00000007ff800000| PB 0x00000007ff400000| Updating 
|2046|0x00000007ff800000, 0x00000007ffc00000, 0x00000007ffc00000|100%| O|  |TAMS 0x00000007ffc00000| PB 0x00000007ff800000| Untracked 
|2047|0x00000007ffc00000, 0x0000000800000000, 0x0000000800000000|100%| O|  |TAMS 0x0000000800000000| PB 0x00000007ffc00000| Untracked 

Card table byte_map: [0x000002403aa80000,0x000002403ba80000] _byte_map_base: 0x0000024037a80000

Marking Bits: (CMBitMap*) 0x0000024015efeb20
 Bits: [0x000002403ba80000, 0x0000024043a80000)

Polling page: 0x0000024013cd0000

Metaspace:

Usage:
  Non-class:    185.43 MB used.
      Class:     28.16 MB used.
       Both:    213.59 MB used.

Virtual space:
  Non-class space:      192.00 MB reserved,     187.25 MB ( 98%) committed,  3 nodes.
      Class space:        1.00 GB reserved,      29.50 MB (  3%) committed,  1 nodes.
             Both:        1.19 GB reserved,     216.75 MB ( 18%) committed. 

Chunk freelists:
   Non-Class:  4.51 MB
       Class:  2.76 MB
        Both:  7.27 MB

MaxMetaspaceSize: 4.00 GB
CompressedClassSpaceSize: 1.00 GB
Initial GC threshold: 21.00 MB
Current GC threshold: 361.25 MB
CDS: off
 - commit_granule_bytes: 65536.
 - commit_granule_words: 8192.
 - virtual_space_node_default_size: 8388608.
 - enlarge_chunks_in_place: 1.
 - use_allocation_guard: 0.


Internal statistics:

num_allocs_failed_limit: 9.
num_arena_births: 7092.
num_arena_deaths: 3224.
num_vsnodes_births: 4.
num_vsnodes_deaths: 0.
num_space_committed: 3466.
num_space_uncommitted: 2.
num_chunks_returned_to_freelist: 3794.
num_chunks_taken_from_freelist: 18081.
num_chunk_merges: 1253.
num_chunk_splits: 10948.
num_chunks_enlarged: 6909.
num_inconsistent_stats: 0.

CodeHeap 'non-profiled nmethods': size=258432Kb used=44857Kb max_used=48014Kb free=213574Kb
 bounds [0x0000024029350000, 0x000002402c240000, 0x0000024038fb0000]
CodeHeap 'profiled nmethods': size=258368Kb used=80086Kb max_used=94977Kb free=178281Kb
 bounds [0x0000024018fb0000, 0x000002401ec80000, 0x0000024028c00000]
CodeHeap 'non-nmethods': size=7488Kb used=3013Kb max_used=4814Kb free=4474Kb
 bounds [0x0000024028c00000, 0x00000240290c0000, 0x0000024029350000]
CodeCache: size=524288Kb, used=127956Kb, max_used=147805Kb, free=396329Kb
 total_blobs=37516, nmethods=36269, adapters=1149, full_count=0
Compilation: enabled, stopped_count=0, restarted_count=0

Compilation events (20 events):
Event: 27073.737 Thread 0x0000024046c79320 nmethod 61957 0x000002401b1f8c10 code [0x000002401b1f8e40, 0x000002401b1f9798]
Event: 27073.737 Thread 0x0000024046c79320 61958       3       java.lang.invoke.LambdaForm$MH/0x0000000800a20c00::invoke (42 bytes)
Event: 27073.738 Thread 0x0000024046c79320 nmethod 61958 0x000002401b4a4210 code [0x000002401b4a4440, 0x000002401b4a4d98]
Event: 27073.738 Thread 0x0000024046c79320 61959       3       java.lang.invoke.LambdaForm$MH/0x00000008007b5000::invoke (42 bytes)
Event: 27073.739 Thread 0x0000024046c79320 nmethod 61959 0x000002401b817890 code [0x000002401b817ac0, 0x000002401b8183c0]
Event: 27073.739 Thread 0x0000024046c79320 61960       3       java.lang.invoke.LambdaForm$MH/0x0000000800a20000::invoke (42 bytes)
Event: 27073.740 Thread 0x0000024046c79320 nmethod 61960 0x0000024019972390 code [0x00000240199725e0, 0x0000024019972fd8]
Event: 27073.743 Thread 0x0000024046c65130 nmethod 61953 0x0000024029ebb310 code [0x0000024029ebb500, 0x0000024029ebbc50]
Event: 27073.756 Thread 0x0000024046c79320 61961       3       java.lang.invoke.LambdaForm$MH/0x00000008005ea000::invoke (42 bytes)
Event: 27073.757 Thread 0x0000024046c79320 nmethod 61961 0x000002401ac4e990 code [0x000002401ac4ebe0, 0x000002401ac4f650]
Event: 27073.757 Thread 0x0000024046c79320 61962       3       java.lang.invoke.LambdaForm$MH/0x00000008005eb400::invoke (42 bytes)
Event: 27073.773 Thread 0x0000024046c79320 nmethod 61962 0x000002401a1b5d90 code [0x000002401a1b5fc0, 0x000002401a1b6918]
Event: 27073.773 Thread 0x0000024046c79320 61963       3       java.lang.invoke.LambdaForm$MH/0x00000008005ea800::invoke (42 bytes)
Event: 27073.774 Thread 0x0000024046c79320 nmethod 61963 0x000002401aecdb90 code [0x000002401aecdde0, 0x000002401aece850]
Event: 27073.774 Thread 0x0000024046c79320 61964       3       java.lang.invoke.LambdaForm$MH/0x0000000800a31800::invoke (42 bytes)
Event: 27073.779 Thread 0x0000024046c79320 nmethod 61964 0x000002401a5db590 code [0x000002401a5db7c0, 0x000002401a5dc0c0]
Event: 27073.781 Thread 0x0000024046c79320 61965       3       org.gradle.internal.execution.history.impl.FileSystemSnapshotSerializer::read (330 bytes)
Event: 27073.790 Thread 0x0000024046c79320 nmethod 61965 0x000002401a94fa90 code [0x000002401a9500e0, 0x000002401a953d20]
Event: 27073.809 Thread 0x0000024046c65130 61966       4       org.gradle.internal.serialize.DefaultSerializerRegistry$HierarchySerializerMatcher::matches (6 bytes)
Event: 27073.810 Thread 0x0000024046c65130 nmethod 61966 0x000002402b61f490 code [0x000002402b61f620, 0x000002402b61f758]

GC Heap History (20 events):
Event: 17018.272 GC heap after
{Heap after GC invocations=136 (full 0):
 garbage-first heap   total 2412544K, used 772434K [0x0000000600000000, 0x0000000800000000)
  region size 4096K, 12 young (49152K), 12 survivors (49152K)
 Metaspace       used 218883K, committed 221312K, reserved 1245184K
  class space    used 28985K, committed 30144K, reserved 1048576K
}
Event: 17037.159 GC heap before
{Heap before GC invocations=136 (full 0):
 garbage-first heap   total 2412544K, used 1481042K [0x0000000600000000, 0x0000000800000000)
  region size 4096K, 163 young (667648K), 12 survivors (49152K)
 Metaspace       used 219041K, committed 221504K, reserved 1245184K
  class space    used 28988K, committed 30208K, reserved 1048576K
}
Event: 17037.273 GC heap after
{Heap after GC invocations=137 (full 0):
 garbage-first heap   total 2412544K, used 903685K [0x0000000600000000, 0x0000000800000000)
  region size 4096K, 19 young (77824K), 19 survivors (77824K)
 Metaspace       used 219041K, committed 221504K, reserved 1245184K
  class space    used 28988K, committed 30208K, reserved 1048576K
}
Event: 21212.738 GC heap before
{Heap before GC invocations=137 (full 0):
 garbage-first heap   total 2412544K, used 1460741K [0x0000000600000000, 0x0000000800000000)
  region size 4096K, 133 young (544768K), 19 survivors (77824K)
 Metaspace       used 219067K, committed 221632K, reserved 1245184K
  class space    used 28991K, committed 30208K, reserved 1048576K
}
Event: 21213.382 GC heap after
{Heap after GC invocations=138 (full 0):
 garbage-first heap   total 2412544K, used 778828K [0x0000000600000000, 0x0000000800000000)
  region size 4096K, 3 young (12288K), 3 survivors (12288K)
 Metaspace       used 219067K, committed 221632K, reserved 1245184K
  class space    used 28991K, committed 30208K, reserved 1048576K
}
Event: 26873.467 GC heap before
{Heap before GC invocations=138 (full 0):
 garbage-first heap   total 2412544K, used 942668K [0x0000000600000000, 0x0000000800000000)
  region size 4096K, 43 young (176128K), 3 survivors (12288K)
 Metaspace       used 219069K, committed 221632K, reserved 1245184K
  class space    used 28992K, committed 30208K, reserved 1048576K
}
Event: 26873.858 GC heap after
{Heap after GC invocations=139 (full 0):
 garbage-first heap   total 2412544K, used 746285K [0x0000000600000000, 0x0000000800000000)
  region size 4096K, 2 young (8192K), 2 survivors (8192K)
 Metaspace       used 219069K, committed 221632K, reserved 1245184K
  class space    used 28992K, committed 30208K, reserved 1048576K
}
Event: 26994.652 GC heap before
{Heap before GC invocations=139 (full 0):
 garbage-first heap   total 2412544K, used 852781K [0x0000000600000000, 0x0000000800000000)
  region size 4096K, 29 young (118784K), 2 survivors (8192K)
 Metaspace       used 219090K, committed 221632K, reserved 1245184K
  class space    used 28992K, committed 30208K, reserved 1048576K
}
Event: 26994.762 GC heap after
{Heap after GC invocations=140 (full 0):
 garbage-first heap   total 2412544K, used 717952K [0x0000000600000000, 0x0000000800000000)
  region size 4096K, 4 young (16384K), 4 survivors (16384K)
 Metaspace       used 219090K, committed 221632K, reserved 1245184K
  class space    used 28992K, committed 30208K, reserved 1048576K
}
Event: 26998.185 GC heap before
{Heap before GC invocations=140 (full 0):
 garbage-first heap   total 2412544K, used 820352K [0x0000000600000000, 0x0000000800000000)
  region size 4096K, 29 young (118784K), 4 survivors (16384K)
 Metaspace       used 219126K, committed 221696K, reserved 1245184K
  class space    used 28992K, committed 30208K, reserved 1048576K
}
Event: 26998.255 GC heap after
{Heap after GC invocations=141 (full 0):
 garbage-first heap   total 2412544K, used 691718K [0x0000000600000000, 0x0000000800000000)
  region size 4096K, 4 young (16384K), 4 survivors (16384K)
 Metaspace       used 219126K, committed 221696K, reserved 1245184K
  class space    used 28992K, committed 30208K, reserved 1048576K
}
Event: 26999.686 GC heap before
{Heap before GC invocations=141 (full 0):
 garbage-first heap   total 2412544K, used 794118K [0x0000000600000000, 0x0000000800000000)
  region size 4096K, 29 young (118784K), 4 survivors (16384K)
 Metaspace       used 219200K, committed 221760K, reserved 1245184K
  class space    used 28992K, committed 30208K, reserved 1048576K
}
Event: 26999.813 GC heap after
{Heap after GC invocations=142 (full 0):
 garbage-first heap   total 2412544K, used 674467K [0x0000000600000000, 0x0000000800000000)
  region size 4096K, 4 young (16384K), 4 survivors (16384K)
 Metaspace       used 219200K, committed 221760K, reserved 1245184K
  class space    used 28992K, committed 30208K, reserved 1048576K
}
Event: 27001.260 GC heap before
{Heap before GC invocations=142 (full 0):
 garbage-first heap   total 2412544K, used 776867K [0x0000000600000000, 0x0000000800000000)
  region size 4096K, 29 young (118784K), 4 survivors (16384K)
 Metaspace       used 219205K, committed 221760K, reserved 1245184K
  class space    used 28992K, committed 30208K, reserved 1048576K
}
Event: 27001.366 GC heap after
{Heap after GC invocations=143 (full 0):
 garbage-first heap   total 2412544K, used 659864K [0x0000000600000000, 0x0000000800000000)
  region size 4096K, 4 young (16384K), 4 survivors (16384K)
 Metaspace       used 219205K, committed 221760K, reserved 1245184K
  class space    used 28992K, committed 30208K, reserved 1048576K
}
Event: 27002.376 GC heap before
{Heap before GC invocations=143 (full 0):
 garbage-first heap   total 2412544K, used 762264K [0x0000000600000000, 0x0000000800000000)
  region size 4096K, 29 young (118784K), 4 survivors (16384K)
 Metaspace       used 219231K, committed 221760K, reserved 1245184K
  class space    used 28992K, committed 30208K, reserved 1048576K
}
Event: 27002.628 GC heap after
{Heap after GC invocations=144 (full 0):
 garbage-first heap   total 2412544K, used 663131K [0x0000000600000000, 0x0000000800000000)
  region size 4096K, 4 young (16384K), 4 survivors (16384K)
 Metaspace       used 219231K, committed 221760K, reserved 1245184K
  class space    used 28992K, committed 30208K, reserved 1048576K
}
Event: 27067.281 GC heap before
{Heap before GC invocations=144 (full 0):
 garbage-first heap   total 2412544K, used 1064539K [0x0000000600000000, 0x0000000800000000)
  region size 4096K, 103 young (421888K), 4 survivors (16384K)
 Metaspace       used 219477K, committed 221952K, reserved 1245184K
  class space    used 28996K, committed 30208K, reserved 1048576K
}
Event: 27067.785 GC heap after
{Heap after GC invocations=145 (full 0):
 garbage-first heap   total 2412544K, used 713811K [0x0000000600000000, 0x0000000800000000)
  region size 4096K, 13 young (53248K), 13 survivors (53248K)
 Metaspace       used 219477K, committed 221952K, reserved 1245184K
  class space    used 28996K, committed 30208K, reserved 1048576K
}
Event: 27073.916 GC heap before
{Heap before GC invocations=145 (full 0):
 garbage-first heap   total 2240512K, used 726099K [0x0000000600000000, 0x0000000800000000)
  region size 4096K, 27 young (110592K), 13 survivors (53248K)
 Metaspace       used 218717K, committed 221952K, reserved 1245184K
  class space    used 28832K, committed 30208K, reserved 1048576K
}

Dll operation events (3 events):
Event: 0.011 Loaded shared library C:\Program Files\Android\Android Studio\jbr\bin\java.dll
Event: 0.018 Loaded shared library C:\Program Files\Android\Android Studio\jbr\bin\zip.dll
Event: 0.778 Loaded shared library C:\Program Files\Android\Android Studio\jbr\bin\verify.dll

Deoptimization events (20 events):
Event: 27062.764 Thread 0x0000024050279490 DEOPT PACKING pc=0x0000024019c58d02 sp=0x00000067189fb3c0
Event: 27062.764 Thread 0x0000024050279490 DEOPT UNPACKING pc=0x0000024028c54bc2 sp=0x00000067189fa9c0 mode 0
Event: 27064.863 Thread 0x0000024050279490 Uncommon trap: trap_request=0xffffff45 fr.pc=0x000002402b186f28 relative=0x0000000000001548
Event: 27064.863 Thread 0x0000024050279490 Uncommon trap: reason=unstable_if action=reinterpret pc=0x000002402b186f28 method=com.google.common.cache.LocalCache$Segment.clear()V @ 4 c2
Event: 27064.863 Thread 0x0000024050279490 DEOPT PACKING pc=0x000002402b186f28 sp=0x00000067189fd6d0
Event: 27064.863 Thread 0x0000024050279490 DEOPT UNPACKING pc=0x0000024028c54422 sp=0x00000067189fd678 mode 2
Event: 27066.848 Thread 0x0000024050279490 DEOPT PACKING pc=0x000002401d881382 sp=0x00000067189fbc60
Event: 27066.848 Thread 0x0000024050279490 DEOPT UNPACKING pc=0x0000024028c54bc2 sp=0x00000067189fb260 mode 0
Event: 27067.106 Thread 0x0000024050279490 DEOPT PACKING pc=0x000002401d881382 sp=0x00000067189fbc60
Event: 27067.106 Thread 0x0000024050279490 DEOPT UNPACKING pc=0x0000024028c54bc2 sp=0x00000067189fb260 mode 0
Event: 27067.266 Thread 0x0000024050279490 DEOPT PACKING pc=0x000002401d881382 sp=0x00000067189fbc60
Event: 27067.266 Thread 0x0000024050279490 DEOPT UNPACKING pc=0x0000024028c54bc2 sp=0x00000067189fb260 mode 0
Event: 27067.895 Thread 0x0000024050279490 DEOPT PACKING pc=0x000002401d881361 sp=0x00000067189fbc60
Event: 27067.896 Thread 0x0000024050279490 DEOPT UNPACKING pc=0x0000024028c54bc2 sp=0x00000067189fb260 mode 0
Event: 27069.390 Thread 0x0000024050279490 DEOPT PACKING pc=0x000002401d881382 sp=0x00000067189fdcf0
Event: 27069.393 Thread 0x0000024050279490 DEOPT UNPACKING pc=0x0000024028c54bc2 sp=0x00000067189fd2f0 mode 0
Event: 27069.394 Thread 0x0000024050279490 DEOPT PACKING pc=0x000002401d881593 sp=0x00000067189fdcf0
Event: 27069.397 Thread 0x0000024050279490 DEOPT UNPACKING pc=0x0000024028c54bc2 sp=0x00000067189fd2f0 mode 0
Event: 27069.398 Thread 0x0000024050279490 DEOPT PACKING pc=0x000002401d881593 sp=0x00000067189fdcf0
Event: 27069.398 Thread 0x0000024050279490 DEOPT UNPACKING pc=0x0000024028c54bc2 sp=0x00000067189fd2f0 mode 0

Classes loaded (20 events):
Event: 10017.329 Loading class sun/nio/fs/WindowsSecurity$Privilege
Event: 10017.329 Loading class sun/nio/fs/WindowsSecurity$Privilege done
Event: 10033.540 Loading class java/lang/StackStreamFactory
Event: 10033.541 Loading class java/lang/StackStreamFactory done
Event: 10033.541 Loading class java/lang/StackWalker$ExtendedOption
Event: 10033.541 Loading class java/lang/StackWalker$ExtendedOption done
Event: 10033.541 Loading class java/lang/StackStreamFactory$StackFrameTraverser
Event: 10033.542 Loading class java/lang/StackStreamFactory$StackFrameTraverser done
Event: 10033.542 Loading class java/lang/StackStreamFactory$WalkerState
Event: 10033.542 Loading class java/lang/StackStreamFactory$WalkerState done
Event: 10033.543 Loading class java/lang/StackStreamFactory$StackFrameTraverser$StackFrameBuffer
Event: 10033.543 Loading class java/lang/StackStreamFactory$FrameBuffer
Event: 10033.543 Loading class java/lang/StackStreamFactory$FrameBuffer done
Event: 10033.543 Loading class java/lang/StackStreamFactory$StackFrameTraverser$StackFrameBuffer done
Event: 10033.544 Loading class java/util/logging/LogRecord
Event: 10033.545 Loading class java/util/logging/LogRecord done
Event: 13609.551 Loading class java/rmi/server/Unreferenced
Event: 13609.563 Loading class java/rmi/server/Unreferenced done
Event: 14173.982 Loading class sun/rmi/transport/ObjectTable$1
Event: 14173.988 Loading class sun/rmi/transport/ObjectTable$1 done

Classes unloaded (20 events):
Event: 27070.201 Thread 0x0000024046baf470 Unloading class 0x0000000801598000 'java/lang/invoke/LambdaForm$MH+0x0000000801598000'
Event: 27070.202 Thread 0x0000024046baf470 Unloading class 0x000000080153b400 'jdk/internal/reflect/GeneratedSerializationConstructorAccessor108'
Event: 27070.203 Thread 0x0000024046baf470 Unloading class 0x000000080153b000 'jdk/internal/reflect/GeneratedSerializationConstructorAccessor107'
Event: 27070.203 Thread 0x0000024046baf470 Unloading class 0x000000080153ac00 'jdk/internal/reflect/GeneratedSerializationConstructorAccessor106'
Event: 27070.203 Thread 0x0000024046baf470 Unloading class 0x000000080153a800 'jdk/internal/reflect/GeneratedSerializationConstructorAccessor105'
Event: 27070.203 Thread 0x0000024046baf470 Unloading class 0x000000080153a400 'jdk/internal/reflect/GeneratedSerializationConstructorAccessor104'
Event: 27070.203 Thread 0x0000024046baf470 Unloading class 0x000000080153a000 'jdk/internal/reflect/GeneratedSerializationConstructorAccessor103'
Event: 27070.203 Thread 0x0000024046baf470 Unloading class 0x0000000801539c00 'jdk/internal/reflect/GeneratedSerializationConstructorAccessor102'
Event: 27070.203 Thread 0x0000024046baf470 Unloading class 0x0000000801539800 'jdk/internal/reflect/GeneratedSerializationConstructorAccessor101'
Event: 27070.203 Thread 0x0000024046baf470 Unloading class 0x0000000801539400 'jdk/internal/reflect/GeneratedSerializationConstructorAccessor100'
Event: 27070.203 Thread 0x0000024046baf470 Unloading class 0x0000000801539000 'jdk/internal/reflect/GeneratedSerializationConstructorAccessor99'
Event: 27070.203 Thread 0x0000024046baf470 Unloading class 0x0000000801538c00 'jdk/internal/reflect/GeneratedSerializationConstructorAccessor98'
Event: 27070.204 Thread 0x0000024046baf470 Unloading class 0x0000000801538800 'jdk/internal/reflect/GeneratedSerializationConstructorAccessor97'
Event: 27070.204 Thread 0x0000024046baf470 Unloading class 0x0000000801538400 'jdk/internal/reflect/GeneratedSerializationConstructorAccessor96'
Event: 27070.204 Thread 0x0000024046baf470 Unloading class 0x0000000801538000 'jdk/internal/reflect/GeneratedSerializationConstructorAccessor95'
Event: 27070.204 Thread 0x0000024046baf470 Unloading class 0x0000000801520c00 'jdk/internal/reflect/GeneratedSerializationConstructorAccessor94'
Event: 27070.204 Thread 0x0000024046baf470 Unloading class 0x0000000801514000 'java/lang/invoke/LambdaForm$MH+0x0000000801514000'
Event: 27070.204 Thread 0x0000024046baf470 Unloading class 0x00000008014ca400 'jdk/internal/reflect/GeneratedSerializationConstructorAccessor91'
Event: 27070.204 Thread 0x0000024046baf470 Unloading class 0x0000000800111400 'java/lang/invoke/LambdaForm$MH+0x0000000800111400'
Event: 27070.204 Thread 0x0000024046baf470 Unloading class 0x00000008000d8400 'java/lang/invoke/LambdaForm$MH+0x00000008000d8400'

Classes redefined (0 events):
No events

Internal exceptions (20 events):
Event: 27073.736 Thread 0x0000024059ed40f0 Exception <a 'sun/nio/fs/WindowsException'{0x00000006842f5260}> (0x00000006842f5260) 
thrown [s\src\hotspot\share\prims\jni.cpp, line 537]
Event: 27073.736 Thread 0x0000024059ed40f0 Exception <a 'sun/nio/fs/WindowsException'{0x00000006842f60b8}> (0x00000006842f60b8) 
thrown [s\src\hotspot\share\prims\jni.cpp, line 537]
Event: 27073.739 Thread 0x0000024059ed40f0 Exception <a 'sun/nio/fs/WindowsException'{0x0000000684309350}> (0x0000000684309350) 
thrown [s\src\hotspot\share\prims\jni.cpp, line 537]
Event: 27073.739 Thread 0x0000024059ed40f0 Exception <a 'sun/nio/fs/WindowsException'{0x000000068430a1a8}> (0x000000068430a1a8) 
thrown [s\src\hotspot\share\prims\jni.cpp, line 537]
Event: 27073.739 Thread 0x0000024059ed40f0 Exception <a 'sun/nio/fs/WindowsException'{0x000000068430d470}> (0x000000068430d470) 
thrown [s\src\hotspot\share\prims\jni.cpp, line 537]
Event: 27073.739 Thread 0x0000024059ed40f0 Exception <a 'sun/nio/fs/WindowsException'{0x000000068430e2c8}> (0x000000068430e2c8) 
thrown [s\src\hotspot\share\prims\jni.cpp, line 537]
Event: 27073.739 Thread 0x0000024059ed40f0 Exception <a 'sun/nio/fs/WindowsException'{0x000000068430fe70}> (0x000000068430fe70) 
thrown [s\src\hotspot\share\prims\jni.cpp, line 537]
Event: 27073.740 Thread 0x0000024059ed40f0 Exception <a 'sun/nio/fs/WindowsException'{0x0000000684310f28}> (0x0000000684310f28) 
thrown [s\src\hotspot\share\prims\jni.cpp, line 537]
Event: 27073.740 Thread 0x0000024059ed40f0 Exception <a 'sun/nio/fs/WindowsException'{0x0000000684312eb8}> (0x0000000684312eb8) 
thrown [s\src\hotspot\share\prims\jni.cpp, line 537]
Event: 27073.740 Thread 0x0000024059ed40f0 Exception <a 'sun/nio/fs/WindowsException'{0x0000000684313d10}> (0x0000000684313d10) 
thrown [s\src\hotspot\share\prims\jni.cpp, line 537]
Event: 27073.740 Thread 0x0000024059ed40f0 Exception <a 'sun/nio/fs/WindowsException'{0x0000000684314fd8}> (0x0000000684314fd8) 
thrown [s\src\hotspot\share\prims\jni.cpp, line 537]
Event: 27073.740 Thread 0x0000024059ed40f0 Exception <a 'sun/nio/fs/WindowsException'{0x0000000684316078}> (0x0000000684316078) 
thrown [s\src\hotspot\share\prims\jni.cpp, line 537]
Event: 27073.741 Thread 0x0000024059ed40f0 Exception <a 'sun/nio/fs/WindowsException'{0x000000068431dee8}> (0x000000068431dee8) 
thrown [s\src\hotspot\share\prims\jni.cpp, line 537]
Event: 27073.741 Thread 0x0000024059ed40f0 Exception <a 'sun/nio/fs/WindowsException'{0x000000068431ed40}> (0x000000068431ed40) 
thrown [s\src\hotspot\share\prims\jni.cpp, line 537]
Event: 27073.741 Thread 0x0000024059ed40f0 Exception <a 'sun/nio/fs/WindowsException'{0x0000000684323078}> (0x0000000684323078) 
thrown [s\src\hotspot\share\prims\jni.cpp, line 537]
Event: 27073.742 Thread 0x0000024059ed40f0 Exception <a 'sun/nio/fs/WindowsException'{0x0000000684323ed0}> (0x0000000684323ed0) 
thrown [s\src\hotspot\share\prims\jni.cpp, line 537]
Event: 27073.742 Thread 0x0000024059ed40f0 Exception <a 'sun/nio/fs/WindowsException'{0x0000000684325e70}> (0x0000000684325e70) 
thrown [s\src\hotspot\share\prims\jni.cpp, line 537]
Event: 27073.742 Thread 0x0000024059ed40f0 Exception <a 'sun/nio/fs/WindowsException'{0x0000000684326f10}> (0x0000000684326f10) 
thrown [s\src\hotspot\share\prims\jni.cpp, line 537]
Event: 27073.812 Thread 0x0000024050278e00 Exception <a 'sun/nio/fs/WindowsException'{0x0000000683d697e0}> (0x0000000683d697e0) 
thrown [s\src\hotspot\share\prims\jni.cpp, line 537]
Event: 27073.857 Thread 0x0000024050278e00 Exception <a 'sun/nio/fs/WindowsException'{0x0000000683ffd628}> (0x0000000683ffd628) 
thrown [s\src\hotspot\share\prims\jni.cpp, line 537]

ZGC Phase Switch (0 events):
No events

VM Operations (20 events):
Event: 27058.550 Executing safepoint VM operation: Cleanup done
Event: 27059.562 Executing safepoint VM operation: Cleanup
Event: 27059.578 Executing safepoint VM operation: Cleanup done
Event: 27062.612 Executing safepoint VM operation: Cleanup
Event: 27062.628 Executing safepoint VM operation: Cleanup done
Event: 27063.639 Executing safepoint VM operation: Cleanup
Event: 27063.640 Executing safepoint VM operation: Cleanup done
Event: 27065.661 Executing safepoint VM operation: Cleanup
Event: 27065.662 Executing safepoint VM operation: Cleanup done
Event: 27066.665 Executing safepoint VM operation: Cleanup
Event: 27066.681 Executing safepoint VM operation: Cleanup done
Event: 27067.281 Executing safepoint VM operation: G1CollectForAllocation (G1 Evacuation Pause)
Event: 27067.785 Executing safepoint VM operation: G1CollectForAllocation (G1 Evacuation Pause) done
Event: 27068.792 Executing safepoint VM operation: Cleanup
Event: 27068.793 Executing safepoint VM operation: Cleanup done
Event: 27070.096 Executing safepoint VM operation: G1PauseRemark
Event: 27072.382 Executing safepoint VM operation: G1PauseRemark done
Event: 27073.386 Executing safepoint VM operation: Cleanup
Event: 27073.419 Executing safepoint VM operation: Cleanup done
Event: 27073.857 Executing safepoint VM operation: G1CollectForAllocation (G1 Evacuation Pause)

Memory protections (0 events):
No events

Nmethod flushes (20 events):
Event: 27072.172 Thread 0x0000024046baf470 flushing  nmethod 0x000002401995b690
Event: 27072.173 Thread 0x0000024046baf470 flushing  nmethod 0x0000024019c9d310
Event: 27072.173 Thread 0x0000024046baf470 flushing  nmethod 0x0000024019ce0b90
Event: 27072.173 Thread 0x0000024046baf470 flushing  nmethod 0x000002401a119410
Event: 27072.173 Thread 0x0000024046baf470 flushing  nmethod 0x000002401aa7d690
Event: 27072.174 Thread 0x0000024046baf470 flushing  nmethod 0x000002401ac13090
Event: 27072.174 Thread 0x0000024046baf470 flushing  nmethod 0x000002401ac25210
Event: 27072.174 Thread 0x0000024046baf470 flushing  nmethod 0x000002401ac26190
Event: 27072.175 Thread 0x0000024046baf470 flushing  nmethod 0x000002401ac28510
Event: 27072.176 Thread 0x0000024046baf470 flushing  nmethod 0x000002401ad99610
Event: 27072.176 Thread 0x0000024046baf470 flushing  nmethod 0x000002401ad99c90
Event: 27072.176 Thread 0x0000024046baf470 flushing  nmethod 0x000002401ad9a910
Event: 27072.177 Thread 0x0000024046baf470 flushing  nmethod 0x000002401aef7090
Event: 27072.177 Thread 0x0000024046baf470 flushing  nmethod 0x000002401b0c9d10
Event: 27072.177 Thread 0x0000024046baf470 flushing  nmethod 0x000002401b0f6a90
Event: 27072.178 Thread 0x0000024046baf470 flushing  nmethod 0x000002401b1f8c10
Event: 27072.178 Thread 0x0000024046baf470 flushing  nmethod 0x000002401b559490
Event: 27072.178 Thread 0x0000024046baf470 flushing  nmethod 0x000002401b559b10
Event: 27072.178 Thread 0x0000024046baf470 flushing  nmethod 0x000002401b626d90
Event: 27072.179 Thread 0x0000024046baf470 flushing  nmethod 0x000002401bac2b90

Events (20 events):
Event: 26998.494 Thread 0x000002405a99b9b0 Thread added: 0x0000024058ac6da0
Event: 26998.495 Thread 0x000002405a99b9b0 Thread added: 0x0000024058ac8e70
Event: 26998.497 Thread 0x000002405a99b9b0 Thread added: 0x000002406b788710
Event: 26998.497 Thread 0x000002405a99b9b0 Thread added: 0x000002406b78a7e0
Event: 26998.497 Thread 0x000002405a99b9b0 Thread added: 0x000002406b787360
Event: 26998.745 Thread 0x0000024046c79320 Thread added: 0x000002406362eed0
Event: 26998.748 Thread 0x0000024046c79320 Thread added: 0x0000024063632c20
Event: 26998.748 Thread 0x0000024046c79320 Thread added: 0x00000240636317b0
Event: 26999.855 Thread 0x00000240636317b0 Thread exited: 0x00000240636317b0
Event: 26999.855 Thread 0x0000024063632c20 Thread exited: 0x0000024063632c20
Event: 26999.924 Thread 0x000002406362eed0 Thread exited: 0x000002406362eed0
Event: 27005.590 Thread 0x0000024046c79320 Thread added: 0x0000024062567f30
Event: 27005.949 Thread 0x000002404da87b70 Thread added: 0x000002404e91dba0
Event: 27009.060 Thread 0x000002405027a1b0 Thread added: 0x0000024062a35480
Event: 27010.009 Thread 0x0000024062567f30 Thread exited: 0x0000024062567f30
Event: 27012.244 Thread 0x0000024050279b20 Thread added: 0x0000024059ed3a60
Event: 27012.292 Thread 0x0000024059ed3a60 Thread added: 0x0000024058ac9500
Event: 27012.292 Thread 0x0000024059ed3a60 Thread added: 0x0000024058ac7430
Event: 27039.967 Thread 0x000002404e91bad0 Thread added: 0x000002406337a6f0
Event: 27039.976 Thread 0x000002404e91bad0 Thread added: 0x000002406337b410


Dynamic libraries:
0x00007ff6bc860000 - 0x00007ff6bc86a000 	C:\Program Files\Android\Android Studio\jbr\bin\java.exe
0x00007ffc56b60000 - 0x00007ffc56dc6000 	C:\WINDOWS\SYSTEM32\ntdll.dll
0x00007ffc555e0000 - 0x00007ffc556a9000 	C:\WINDOWS\System32\KERNEL32.DLL
0x00007ffc53f40000 - 0x00007ffc5433a000 	C:\WINDOWS\System32\KERNELBASE.dll
0x00007ffc53df0000 - 0x00007ffc53f3c000 	C:\WINDOWS\System32\ucrtbase.dll
0x00007ffc05300000 - 0x00007ffc05318000 	C:\Program Files\Android\Android Studio\jbr\bin\jli.dll
0x00007ffbc8a50000 - 0x00007ffbc8a6b000 	C:\Program Files\Android\Android Studio\jbr\bin\VCRUNTIME140.dll
0x00007ffc55090000 - 0x00007ffc55257000 	C:\WINDOWS\System32\USER32.dll
0x00007ffc21f60000 - 0x00007ffc221f2000 	C:\WINDOWS\WinSxS\amd64_microsoft.windows.common-controls_6595b64144ccf1df_6.0.26100.8521_none_3e08b75ce33403b3\COMCTL32.dll
0x00007ffc544c0000 - 0x00007ffc544e7000 	C:\WINDOWS\System32\win32u.dll
0x00007ffc55a40000 - 0x00007ffc55ae9000 	C:\WINDOWS\System32\msvcrt.dll
0x00007ffc54d70000 - 0x00007ffc54d9b000 	C:\WINDOWS\System32\GDI32.dll
0x00007ffc54660000 - 0x00007ffc5478b000 	C:\WINDOWS\System32\gdi32full.dll
0x00007ffc544f0000 - 0x00007ffc54593000 	C:\WINDOWS\System32\msvcp_win.dll
0x00007ffc55c60000 - 0x00007ffc55c92000 	C:\WINDOWS\System32\IMM32.DLL
0x00007ffbc8a40000 - 0x00007ffbc8a4c000 	C:\Program Files\Android\Android Studio\jbr\bin\vcruntime140_1.dll
0x00007ffbf7170000 - 0x00007ffbf71fd000 	C:\Program Files\Android\Android Studio\jbr\bin\msvcp140.dll
0x00007ffb5f2f0000 - 0x00007ffb5ff86000 	C:\Program Files\Android\Android Studio\jbr\bin\server\jvm.dll
0x00007ffc569d0000 - 0x00007ffc56a86000 	C:\WINDOWS\System32\ADVAPI32.dll
0x00007ffc556b0000 - 0x00007ffc5575a000 	C:\WINDOWS\System32\sechost.dll
0x00007ffc54da0000 - 0x00007ffc54eb8000 	C:\WINDOWS\System32\RPCRT4.dll
0x00007ffc55bd0000 - 0x00007ffc55c50000 	C:\WINDOWS\System32\WS2_32.dll
0x00007ffc458e0000 - 0x00007ffc45916000 	C:\WINDOWS\SYSTEM32\WINMM.dll
0x00007ffc48f50000 - 0x00007ffc48f5b000 	C:\WINDOWS\SYSTEM32\VERSION.dll
0x00007ffc52f20000 - 0x00007ffc52f7e000 	C:\WINDOWS\SYSTEM32\POWRPROF.dll
0x00007ffc52e40000 - 0x00007ffc52e54000 	C:\WINDOWS\SYSTEM32\UMPDC.dll
0x00007ffc52bf0000 - 0x00007ffc52c0b000 	C:\WINDOWS\SYSTEM32\kernel.appcore.dll
0x00007ffbc7b10000 - 0x00007ffbc7b1a000 	C:\Program Files\Android\Android Studio\jbr\bin\jimage.dll
0x00007ffc514d0000 - 0x00007ffc51712000 	C:\WINDOWS\SYSTEM32\DBGHELP.DLL
0x00007ffc55ca0000 - 0x00007ffc56023000 	C:\WINDOWS\System32\combase.dll
0x00007ffc55af0000 - 0x00007ffc55bc9000 	C:\WINDOWS\System32\OLEAUT32.dll
0x00007ffc2f380000 - 0x00007ffc2f3bb000 	C:\WINDOWS\SYSTEM32\dbgcore.DLL
0x00007ffc54790000 - 0x00007ffc54838000 	C:\WINDOWS\System32\bcryptPrimitives.dll
0x00007ffc4a000000 - 0x00007ffc4a00e000 	C:\Program Files\Android\Android Studio\jbr\bin\instrument.dll
0x00007ffbc7af0000 - 0x00007ffbc7b10000 	C:\Program Files\Android\Android Studio\jbr\bin\java.dll
0x00007ffbc7ad0000 - 0x00007ffbc7ae8000 	C:\Program Files\Android\Android Studio\jbr\bin\zip.dll
0x00007ffc56230000 - 0x00007ffc569b4000 	C:\WINDOWS\System32\SHELL32.dll
0x00007ffc51990000 - 0x00007ffc52210000 	C:\WINDOWS\SYSTEM32\windows.storage.dll
0x00007ffc54ec0000 - 0x00007ffc54fb6000 	C:\WINDOWS\System32\SHCORE.dll
0x00007ffc55380000 - 0x00007ffc553e7000 	C:\WINDOWS\System32\shlwapi.dll
0x00007ffc53d10000 - 0x00007ffc53d39000 	C:\WINDOWS\SYSTEM32\profapi.dll
0x00007ffbc7ac0000 - 0x00007ffbc7ad0000 	C:\Program Files\Android\Android Studio\jbr\bin\net.dll
0x00007ffc4a2e0000 - 0x00007ffc4a409000 	C:\WINDOWS\SYSTEM32\WINHTTP.dll
0x00007ffc53210000 - 0x00007ffc5327c000 	C:\WINDOWS\system32\mswsock.dll
0x00007ffbc7aa0000 - 0x00007ffbc7ab6000 	C:\Program Files\Android\Android Studio\jbr\bin\nio.dll
0x00007ffc32ce0000 - 0x00007ffc32cf0000 	C:\Program Files\Android\Android Studio\jbr\bin\verify.dll
0x00007ffc02200000 - 0x00007ffc02227000 	C:\Users\toka_\.gradle\native\c067742578af261105cb4f569cf0c3c89f3d7b1fecec35dd04571415982c5e48\windows-amd64\native-platform.dll
0x00007ffbc8e40000 - 0x00007ffbc8f84000 	C:\Users\toka_\.gradle\native\100fb08df4bc3b14c8652ba06237920a3bd2aa13389f12d3474272988ae205f9\windows-amd64\native-platform-file-events.dll
0x00007ffbc4e40000 - 0x00007ffbc4e49000 	C:\Program Files\Android\Android Studio\jbr\bin\management.dll
0x00007ffbc4e10000 - 0x00007ffbc4e1b000 	C:\Program Files\Android\Android Studio\jbr\bin\management_ext.dll
0x00007ffc56a90000 - 0x00007ffc56a98000 	C:\WINDOWS\System32\PSAPI.DLL
0x00007ffc534f0000 - 0x00007ffc5350b000 	C:\WINDOWS\SYSTEM32\CRYPTSP.dll
0x00007ffc52b50000 - 0x00007ffc52b89000 	C:\WINDOWS\system32\rsaenh.dll
0x00007ffc532c0000 - 0x00007ffc532f3000 	C:\WINDOWS\SYSTEM32\USERENV.dll
0x00007ffc53ce0000 - 0x00007ffc53d0a000 	C:\WINDOWS\SYSTEM32\bcrypt.dll
0x00007ffc53510000 - 0x00007ffc5351c000 	C:\WINDOWS\SYSTEM32\CRYPTBASE.dll
0x00007ffc52600000 - 0x00007ffc52633000 	C:\WINDOWS\SYSTEM32\IPHLPAPI.DLL
0x00007ffc55320000 - 0x00007ffc5532a000 	C:\WINDOWS\System32\NSI.dll
0x00007ffbc7a90000 - 0x00007ffbc7a99000 	C:\Program Files\Android\Android Studio\jbr\bin\extnet.dll
0x00007ffc21570000 - 0x00007ffc21578000 	C:\WINDOWS\system32\wshunix.dll
0x00007ffc526d0000 - 0x00007ffc5281a000 	C:\WINDOWS\SYSTEM32\DNSAPI.dll
0x00007ffc53030000 - 0x00007ffc5303d000 	C:\WINDOWS\SYSTEM32\DSPARSE.dll
0x00007ffc4a180000 - 0x00007ffc4a18b000 	C:\Windows\System32\rasadhlp.dll
0x00007ffc4ac80000 - 0x00007ffc4ad06000 	C:\WINDOWS\System32\fwpuclnt.dll
0x00007ffc28550000 - 0x00007ffc28568000 	C:\WINDOWS\system32\napinsp.dll
0x00007ffc22740000 - 0x00007ffc22753000 	C:\WINDOWS\System32\winrnr.dll
0x00007ffc21500000 - 0x00007ffc21522000 	C:\WINDOWS\system32\nlansp_c.dll
0x00007ffc497c0000 - 0x00007ffc497d6000 	C:\WINDOWS\system32\wshbth.dll
0x00007ffc2c3d0000 - 0x00007ffc2c3ee000 	C:\Users\toka_\AppData\Local\Temp\native-platform2609151352687782142dir\native-platform.dll
0x00007ffc52d30000 - 0x00007ffc52d66000 	C:\WINDOWS\SYSTEM32\ntmarta.dll
0x00007ffc49ff0000 - 0x00007ffc49ff7000 	C:\Program Files\Android\Android Studio\jbr\bin\rmi.dll

JVMTI agents:
C:\Users\toka_\.gradle\wrapper\dists\gradle-8.11.1-all\2qik7nd48slq1ooc2496ixf4i\gradle-8.11.1\lib\agents\gradle-instrumentation-agent-8.11.1.jar path:C:\Program Files\Android\Android Studio\jbr\bin\instrument.dll, loaded, initialized, instrumentlib options:none

dbghelp: loaded successfully - version: 4.0.5 - missing functions: none
symbol engine: initialized successfully - sym options: 0x614 - pdb path: .;C:\Program Files\Android\Android Studio\jbr\bin;C:\WINDOWS\SYSTEM32;C:\WINDOWS\WinSxS\amd64_microsoft.windows.common-controls_6595b64144ccf1df_6.0.26100.8521_none_3e08b75ce33403b3;C:\Program Files\Android\Android Studio\jbr\bin\server;C:\Users\toka_\.gradle\native\c067742578af261105cb4f569cf0c3c89f3d7b1fecec35dd04571415982c5e48\windows-amd64;C:\Users\toka_\.gradle\native\100fb08df4bc3b14c8652ba06237920a3bd2aa13389f12d3474272988ae205f9\windows-amd64;C:\Users\toka_\AppData\Local\Temp\native-platform2609151352687782142dir

VM Arguments:
jvm_args: --add-opens=java.base/java.lang=ALL-UNNAMED --add-opens=java.base/java.lang.invoke=ALL-UNNAMED --add-opens=java.base/java.util=ALL-UNNAMED --add-opens=java.prefs/java.util.prefs=ALL-UNNAMED --add-exports=jdk.compiler/com.sun.tools.javac.api=ALL-UNNAMED --add-exports=jdk.compiler/com.sun.tools.javac.util=ALL-UNNAMED --add-opens=java.base/java.util=ALL-UNNAMED --add-opens=java.prefs/java.util.prefs=ALL-UNNAMED --add-opens=java.base/java.nio.charset=ALL-UNNAMED --add-opens=java.base/java.net=ALL-UNNAMED --add-opens=java.base/java.util.concurrent.atomic=ALL-UNNAMED --add-opens=java.xml/javax.xml.namespace=ALL-UNNAMED -XX:MaxMetaspaceSize=4G -XX:ReservedCodeCacheSize=512m -XX:+HeapDumpOnOutOfMemoryError -Xmx8G -Dfile.encoding=UTF-8 -Duser.country=US -Duser.language=en -Duser.variant -javaagent:C:\Users\toka_\.gradle\wrapper\dists\gradle-8.11.1-all\2qik7nd48slq1ooc2496ixf4i\gradle-8.11.1\lib\agents\gradle-instrumentation-agent-8.11.1.jar 
java_command: org.gradle.launcher.daemon.bootstrap.GradleDaemon 8.11.1
java_class_path (initial): C:\Users\toka_\.gradle\wrapper\dists\gradle-8.11.1-all\2qik7nd48slq1ooc2496ixf4i\gradle-8.11.1\lib\gradle-daemon-main-8.11.1.jar
Launcher Type: SUN_STANDARD

[Global flags]
     intx CICompilerCount                          = 12                                        {product} {ergonomic}
     uint ConcGCThreads                            = 3                                         {product} {ergonomic}
     uint G1ConcRefinementThreads                  = 13                                        {product} {ergonomic}
   size_t G1HeapRegionSize                         = 4194304                                   {product} {ergonomic}
    uintx GCDrainStackTargetSize                   = 64                                        {product} {ergonomic}
     bool HeapDumpOnOutOfMemoryError               = true                                   {manageable} {command line}
   size_t InitialHeapSize                          = 264241152                                 {product} {ergonomic}
   size_t MarkStackSize                            = 4194304                                   {product} {ergonomic}
   size_t MaxHeapSize                              = 8589934592                                {product} {command line}
   size_t MaxMetaspaceSize                         = 4294967296                                {product} {command line}
   size_t MaxNewSize                               = 5150605312                                {product} {ergonomic}
   size_t MinHeapDeltaBytes                        = 4194304                                   {product} {ergonomic}
   size_t MinHeapSize                              = 8388608                                   {product} {ergonomic}
    uintx NonNMethodCodeHeapSize                   = 7602480                                {pd product} {ergonomic}
    uintx NonProfiledCodeHeapSize                  = 264634216                              {pd product} {ergonomic}
    uintx ProfiledCodeHeapSize                     = 264634216                              {pd product} {ergonomic}
    uintx ReservedCodeCacheSize                    = 536870912                              {pd product} {command line}
     bool SegmentedCodeCache                       = true                                      {product} {ergonomic}
   size_t SoftMaxHeapSize                          = 8589934592                             {manageable} {ergonomic}
     bool UseCompressedOops                        = true                           {product lp64_product} {ergonomic}
     bool UseG1GC                                  = true                                      {product} {ergonomic}
     bool UseLargePagesIndividualAllocation        = false                                  {pd product} {ergonomic}

Logging:
Log output configuration:
 #0: stdout all=warning uptime,level,tags foldmultilines=false
 #1: stderr all=off uptime,level,tags foldmultilines=false

Release file:
JAVA_VERSION="21.0.10" 
MODULES="java.base java.compiler java.datatransfer java.xml java.prefs java.desktop java.instrument java.logging java.management java.security.sasl java.naming java.rmi java.management.rmi java.net.http java.scripting java.security.jgss java.transaction.xa java.sql java.sql.rowset java.xml.crypto java.se java.smartcardio jdk.accessibility jdk.internal.jvmstat jdk.attach jdk.charsets jdk.internal.opt jdk.zipfs jdk.compiler jdk.crypto.ec jdk.crypto.cryptoki jdk.dynalink jdk.hotspot.agent jdk.httpserver jdk.internal.ed jdk.internal.le jdk.internal.vm.ci jdk.jartool jdk.javadoc jdk.jcmd jdk.jdeps jdk.jdwp.agent jdk.jdi jdk.jfr jdk.jlink jdk.jsobject jdk.localedata jdk.management jdk.management.agent jdk.management.jfr jdk.naming.dns jdk.naming.rmi jdk.net jdk.sctp jdk.security.auth jdk.security.jgss jdk.unsupported jdk.unsupported.desktop jdk.xml.dom" 
IMPLEMENTOR="JetBrains s.r.o." 
JAVA_RUNTIME_VERSION="21.0.10+-14961533-b1163.108" 
LIBC="default" 
OS_ARCH="x86_64" 
OS_NAME="Windows" 
SOURCE=".:git:1351622c2ff2" 

Environment Variables:
JAVA_HOME=C:\Program Files\Android\Android Studio\jbr
CLASSPATH=D:\XamppPhp8.2\htdocs\arena-team-app\android\\gradle\wrapper\gradle-wrapper.jar
PATH=C:\Program Files\Android\Android Studio\jbr\bin;C:\Python314\Scripts\;C:\Python314\;C:\Python313\Scripts\;C:\Python313\;C:\windows\system32;C:\windows;C:\windows\System32\Wbem;C:\windows\System32\WindowsPowerShell\v1.0\;C:\windows\System32\OpenSSH\;C:\Program Files (x86)\NVIDIA Corporation\PhysX\Common;C:\Users\Administrator\AppData\Local\Microsoft\WindowsApps;C:\Program Files\HP\OMEN-Broadcast\Common;C:\Program Files\HP\HP One Agent;C:\WINDOWS\system32;C:\WINDOWS;C:\WINDOWS\System32\Wbem;C:\WINDOWS\System32\WindowsPowerShell\v1.0\;C:\WINDOWS\System32\OpenSSH\;C:\Program Files\Git\cmd;C:\ProgramData\ComposerSetup\bin;C:\ProgramData\chocolatey\bin;C:\Program Files\NVIDIA Corporation\NVIDIA app\NvDLISR;C:\Program Files\PuTTY\;C:\Program Files\nodejs\;D:\XamppPhp8.2\php;C:\Python314\Scripts\;C:\Python314\;C:\Python313\Scripts\;C:\Python313\;C:\windows\system32;C:\windows;C:\windows\System32\Wbem;C:\windows\System32\WindowsPowerShell\v1.0\;C:\windows\System32\OpenSSH\;C:\Program Files (x86)\NVIDIA Corporation\PhysX\Common;C:\Users\Administrator\AppData\Local\Microsoft\WindowsApps;C:\Program Files\HP\OMEN-Broadcast\Common;C:\Program Files\HP\HP One Agent;C:\WINDOWS\system32;C:\WINDOWS;C:\WINDOWS\System32\Wbem;C:\WINDOWS\System32\WindowsPowerShell\v1.0\;C:\WINDOWS\System32\OpenSSH\;C:\Program Files\Git\cmd;C:\ProgramData\ComposerSetup\bin;C:\ProgramData\chocolatey\bin;C:\Program Files\NVIDIA Corporation\NVIDIA app\NvDLISR;C:\Program Files\PuTTY\;C:\Program Files\nodejs\;D:\XamppPhp8.2\php;C:\Python314\Scripts\;C:\Python314\;C:\Python313\Scripts\;C:\Python313\;C:\windows\system32;C:\windows;C:\windows\System32\Wbem;C:\windows\System32\WindowsPowerShell\v1.0\;C:\windows\System32\OpenSSH\;C:\Program Files (x86)\NVIDIA Corporation\PhysX\Common;C:\Users\Administrator\AppData\Local\Microsoft\WindowsApps;C:\Program Files\HP\OMEN-Broadcast\Common;C:\Program Files\HP\HP One Agent;C:\WINDOWS\system32;C:\WINDOWS;C:\WINDOWS\System32\Wbem;C:\WINDOWS\System32\WindowsPowerShell\v1.0\;C:\WINDOWS\System32\OpenSSH\;C:\Program Files\Git\cmd;C:\ProgramData\ComposerSetup\bin;C:\ProgramData\chocolatey\bin;C:\Program Files\NVIDIA Corporation\NVIDIA app\NvDLISR;C:\Program Files\PuTTY\;C:\Program Files\nodejs\;D:\XamppPhp8.2\php;C:\Users\toka_\AppData\Local\Microsoft\WindowsApps;C:\Users\toka_\AppData\Roaming\Composer\vendor\bin;C:\Users\toka_\AppData\Roaming\npm;C:\Users\toka_\AppData\Local\Programs\PhpStorm 2026.1\bin;D:\flutter\bin;C:\Users\toka_\AppData\Local\Android\Sdk\platform-tools;D:\flutter\bin\mingit\cmd
USERNAME=toka_
OS=Windows_NT
PROCESSOR_IDENTIFIER=Intel64 Family 6 Model 154 Stepping 3, GenuineIntel
TMP=C:\Users\toka_\AppData\Local\Temp
TEMP=C:\Users\toka_\AppData\Local\Temp




Periodic native trim disabled

JNI global refs:
JNI global refs: 36, weak refs: 0

JNI global refs memory usage: 835, weak refs: 833

Process memory usage:
Resident Set Size: 956856K (5% of 16408940K total physical memory with 120040K free physical memory)

OOME stack traces (most recent first):
Classloader memory used:
Loader org.gradle.internal.classloader.VisitableURLClassLoader$InstrumentingVisitableURLClassLoader: 86489K
Loader org.gradle.internal.classloader.VisitableURLClassLoader                         : 59811K
Loader bootstrap                                                                       : 38791K
Loader org.gradle.initialization.MixInLegacyTypesClassLoader                           : 17694K
Loader jdk.internal.loader.ClassLoaders$AppClassLoader                                 : 9716K
Loader java.net.URLClassLoader                                                         : 2776K
Loader org.gradle.groovy.scripts.internal.DefaultScriptCompilationHandler$ScriptClassLoader: 1469K
Loader jdk.internal.loader.ClassLoaders$PlatformClassLoader                            : 1047K
Loader org.gradle.internal.classloader.VisitableURLClassLoader                         : 538K
Loader jdk.internal.reflect.DelegatingClassLoader                                      : 326K
Loader org.codehaus.groovy.runtime.callsite.CallSiteClassLoader                        : 53728B
Loader sun.reflect.misc.MethodUtil                                                     : 2984B

Classes loaded by more than one classloader:
Class Program                                                                         : loaded 19 times (x 72B)
Class Build_gradle$1                                                                  : loaded 12 times (x 74B)
Class Build_gradle                                                                    : loaded 12 times (x 130B)
Class Build_gradle$2                                                                  : loaded 11 times (x 74B)
Class Build_gradle$1$1                                                                : loaded 10 times (x 78B)
Class Build_gradle$3                                                                  : loaded 7 times (x 75B)
Class Build_gradle$2$1                                                                : loaded 5 times (x 78B)
Class org.gradle.kotlin.dsl.ImplementationConfigurationAccessorsKt                    : loaded 5 times (x 71B)
Class org.gradle.kotlin.dsl.TestImplementationConfigurationAccessorsKt                : loaded 5 times (x 71B)
Class Build_gradle$4                                                                  : loaded 4 times (x 78B)
Class org.gradle.kotlin.dsl.Accessors7y9hz5zm5pocrb21isjhik2uhKt                      : loaded 4 times (x 71B)
Class org.gradle.kotlin.dsl.Accessors3b22zubz91h1vnit99qiq17ljKt                      : loaded 4 times (x 71B)
Class org.jetbrains.kotlin.build.report.metrics.BuildTime                             : loaded 3 times (x 70B)
Class Build_gradle$3$1                                                                : loaded 3 times (x 78B)
Class Settings_gradle                                                                 : loaded 3 times (x 128B)
Class org.jetbrains.kotlin.build.report.metrics.GradleBuildTime$Companion             : loaded 3 times (x 71B)
Class [Lorg.jetbrains.kotlin.build.report.metrics.GradleBuildTime;                    : loaded 3 times (x 69B)
Class org.jetbrains.kotlin.build.report.metrics.BuildMetricsReporter                  : loaded 3 times (x 70B)
Class [Lorg.jetbrains.kotlin.build.report.metrics.BuildTime;                          : loaded 3 times (x 69B)
Class org.jetbrains.kotlin.build.report.metrics.GradleBuildTime                       : loaded 3 times (x 86B)
Class com.google.common.collect.SortedSetMultimap                                     : loaded 2 times (x 70B)
Class com.google.common.io.FileWriteMode                                              : loaded 2 times (x 79B)
Class org.jetbrains.kotlin.gradle.plugin.mpp.KotlinVariantWithCoordinates             : loaded 2 times (x 108B)
Class org.jetbrains.kotlin.gradle.tasks.CInteropProcess                               : loaded 2 times (x 324B)
Class org.jetbrains.kotlin.gradle.internal.KotlinDomApiDependencyManagementKt         : loaded 2 times (x 71B)
Class org.jetbrains.kotlin.gradle.targets.js.npm.NpmDependencyExtensionKt$defaultNpmDependencyDelegate$1: loaded 2 times (x 167B)
Class org.jetbrains.kotlin.gradle.plugin.KotlinPluginLifecycleImpl$launch$coroutine$1 : loaded 2 times (x 76B)
Class org.jetbrains.kotlin.gradle.plugin.diagnostics.checkers.MissingNativeStdlibChecker: loaded 2 times (x 74B)
Class org.jetbrains.kotlin.gradle.targets.native.KotilnNativeConfigureBinariesSideEffectKt: loaded 2 times (x 71B)
Class org.jetbrains.kotlin.gradle.plugin.KotlinPlatformType$DisambiguationRule        : loaded 2 times (x 76B)
Class org.jetbrains.kotlin.gradle.plugin.KotlinPlatformType$Companion                 : loaded 2 times (x 71B)
Class org.jetbrains.kotlin.gradle.plugin.internal.ConfigurationCacheStartParameterAccessorKt: loaded 2 times (x 71B)
Class [Lcom.google.common.base.AbstractIterator$State;                                : loaded 2 times (x 69B)
Class com.google.common.base.CharMatcher$IsEither                                     : loaded 2 times (x 111B)
Class org.gradle.internal.classloader.ClassLoaderHierarchy                            : loaded 2 times (x 70B)
Class Build_gradle$3$3                                                                : loaded 2 times (x 78B)
Class build_9yv9mepjnulh4f151d4lphh5i                                                 : loaded 2 times (x 181B)
Class [Lcom.google.common.cache.RemovalCause;                                         : loaded 2 times (x 69B)
Class net.rubygrapefruit.platform.internal.Platform$FreeBSD                           : loaded 2 times (x 82B)
Class com.google.common.collect.AbstractMapBasedMultimap$WrappedCollection            : loaded 2 times (x 124B)
Class org.jetbrains.kotlin.gradle.plugin.hierarchy.KotlinSourceSetTreeClassifierKt    : loaded 2 times (x 71B)
Class org.jetbrains.kotlin.gradle.report.UsesBuildMetricsService                      : loaded 2 times (x 70B)
Class org.jetbrains.kotlin.gradle.plugin.mpp.compilationImpl.factory.KotlinCompilationImplFactory$KotlinCompilationSourceSetsContainerFactory: loaded 2 times (x 70B)
Class org.jetbrains.kotlin.gradle.utils.MutableObservableSet                          : loaded 2 times (x 70B)
Class org.jetbrains.kotlin.gradle.dsl.KotlinHierarchyDsl                              : loaded 2 times (x 70B)
Class org.jetbrains.kotlin.gradle.report.BuildReportType                              : loaded 2 times (x 79B)
Class org.jetbrains.kotlin.statistics.metrics.StringAnonymizationPolicy$AllowedListAnonymizer: loaded 2 times (x 79B)
Class com.google.common.collect.ImmutableEnumSet                                      : loaded 2 times (x 146B)
Class com.google.common.util.concurrent.ExecutionError                                : loaded 2 times (x 82B)
Class com.google.common.collect.ImmutableList$1                                       : loaded 2 times (x 97B)
Class org.gradle.api.internal.classpath.ManifestUtil                                  : loaded 2 times (x 71B)
Class Build_gradle$3$4                                                                : loaded 2 times (x 78B)
Class build_22m1lif4vvy2hgnda1tpilaik$_run_closure1                                   : loaded 2 times (x 139B)
Class net.rubygrapefruit.platform.NativeException                                     : loaded 2 times (x 82B)
Class com.google.common.io.ByteArrayDataOutput                                        : loaded 2 times (x 70B)
Class org.jetbrains.kotlin.gradle.tasks.KotlinCompile$androidLayoutResources$1        : loaded 2 times (x 74B)
Class org.jetbrains.kotlin.gradle.report.GradleBuildMetricsReporter                   : loaded 2 times (x 98B)
Class org.jetbrains.kotlin.gradle.utils.FutureKt$future$1                             : loaded 2 times (x 95B)
Class org.jetbrains.kotlin.gradle.plugin.mpp.KotlinMetadataCompilation                : loaded 2 times (x 70B)
Class org.jetbrains.kotlin.gradle.plugin.sources.KotlinDependencyScope                : loaded 2 times (x 79B)
Class org.jetbrains.kotlin.gradle.tasks.configuration.AbstractKotlinCompileConfig$1   : loaded 2 times (x 79B)
Class org.jetbrains.kotlin.gradle.plugin.mpp.compilationImpl.KotlinCompilationFriendPathsResolver: loaded 2 times (x 70B)
Class org.jetbrains.kotlin.gradle.artifacts.KotlinNativeHostSpecificMetadataArtifactKt$KotlinNativeHostSpecificMetadataArtifact$1: loaded 2 times (x 74B)
Class org.jetbrains.kotlin.gradle.plugin.mpp.compilationImpl.KotlinCompilationSideEffect$Companion: loaded 2 times (x 71B)
Class org.jetbrains.kotlin.gradle.plugin.mpp.KotlinUsages$KotlinMetadataDisambiguation: loaded 2 times (x 76B)
Class com.google.gson.stream.MalformedJsonException                                   : loaded 2 times (x 82B)
Class com.google.common.collect.RegularImmutableMap                                   : loaded 2 times (x 121B)
Class com.google.common.collect.ImmutableMap$MapViewOfValuesAsSingletonSets           : loaded 2 times (x 125B)
Class Build_gradle$3$5                                                                : loaded 2 times (x 78B)
Class com.google.common.reflect.TypeCapture                                           : loaded 2 times (x 71B)
Class com.google.common.cache.LocalCache$Values                                       : loaded 2 times (x 118B)
Class com.google.common.collect.TransformedListIterator                               : loaded 2 times (x 93B)
Class org.jetbrains.kotlin.statistics.AnonymizerUtilsKt$salt$2                        : loaded 2 times (x 78B)
Class org.jetbrains.kotlin.gradle.tasks.AbstractKotlinCompile$compilerRunner$1        : loaded 2 times (x 75B)
Class org.jetbrains.kotlin.gradle.tasks.CacheableTasksKt$cacheOnlyIfEnabledForKotlin$1: loaded 2 times (x 75B)
Class org.jetbrains.kotlin.gradle.internal.transforms.BuildToolsApiClasspathEntrySnapshotTransform: loaded 2 times (x 82B)
Class org.jetbrains.kotlin.gradle.tasks.configuration.AbstractKotlinCompileConfig$2   : loaded 2 times (x 79B)
Class org.jetbrains.kotlin.gradle.plugin.mpp.compilationImpl.factory.KotlinCompilationImplFactory$PreConfigure: loaded 2 times (x 70B)
Class org.jetbrains.kotlin.gradle.plugin.KotlinProjectSetupActionKt$KotlinProjectSetupCoroutine$1$1: loaded 2 times (x 95B)
Class org.jetbrains.kotlin.gradle.targets.js.dsl.KotlinJsTargetDsl                    : loaded 2 times (x 70B)
Class org.jetbrains.kotlin.gradle.plugin.diagnostics.checkers.DeprecatedKotlinNativeTargetsChecker$runChecks$1: loaded 2 times (x 88B)
Class org.jetbrains.kotlin.gradle.plugin.KotlinPluginLifecycleImplKt                  : loaded 2 times (x 71B)
Class org.jetbrains.kotlin.gradle.plugin.KotlinPluginLifecycleImpl$WhenMappings       : loaded 2 times (x 71B)
Class org.jetbrains.kotlin.gradle.dsl.KotlinCommonCompilerToolOptionsHelper           : loaded 2 times (x 71B)
Class org.jetbrains.kotlin.gradle.plugin.KotlinTargetComponent                        : loaded 2 times (x 70B)
Class org.jetbrains.kotlin.gradle.plugin.KotlinGradlePluginExtensionPointInternal     : loaded 2 times (x 76B)
Class org.jetbrains.kotlin.statistics.metrics.StringOverridePolicy$OVERRIDE_VERSION_IF_NOT_SET: loaded 2 times (x 85B)
Class org.jetbrains.kotlin.gradle.plugin.statistics.KotlinBuildStatsBeanService$Companion$initStatsService$1: loaded 2 times (x 79B)
Class org.jetbrains.kotlin.gradle.plugin.VariantImplementationFactories$Companion$getProvider$1: loaded 2 times (x 75B)
Class org.jetbrains.kotlin.gradle.dsl.KotlinProjectExtension                          : loaded 2 times (x 98B)
Class [Lorg.objectweb.asm.Symbol;                                                     : loaded 2 times (x 69B)
Class org.objectweb.asm.ClassVisitor                                                  : loaded 2 times (x 88B)
Class com.google.common.collect.UnmodifiableListIterator                              : loaded 2 times (x 95B)
Class org.jetbrains.kotlin.name.FqNameUnsafe$1                                        : loaded 2 times (x 74B)
Class com.google.common.collect.MapMakerInternalMap$StrongKeyDummyValueEntry$LinkedStrongKeyDummyValueEntry: loaded 2 times (x 82B)
Class com.google.common.collect.MapMakerInternalMap$Strength                          : loaded 2 times (x 80B)
Class org.jetbrains.kotlin.gradle.plugin.KotlinPluginLifecycle$ProjectConfigurationResult$Failure: loaded 2 times (x 72B)
Class com.google.common.base.Platform$JdkPatternCompiler                              : loaded 2 times (x 75B)
Class org.jetbrains.kotlin.gradle.plugin.sources.DefaultKotlinSourceSet$MetadataDependencyTransformation: loaded 2 times (x 72B)
Class org.jetbrains.kotlin.gradle.tasks.DefaultKotlinJavaToolchain$Companion          : loaded 2 times (x 71B)
Class org.jetbrains.kotlin.gradle.tasks.DefaultKotlinJavaToolchain                    : loaded 2 times (x 77B)
Class org.jetbrains.kotlin.gradle.targets.native.toolchain.KotlinNativeBundleBuildService: loaded 2 times (x 77B)
Class org.jetbrains.kotlin.gradle.plugin.KotlinGradleBuildServices                    : loaded 2 times (x 80B)
Class [Lorg.jetbrains.kotlin.statistics.ValueAnonymizer;                              : loaded 2 times (x 69B)
Class org.objectweb.asm.MethodTooLargeException                                       : loaded 2 times (x 83B)
Class [Lcom.google.common.cache.CacheBuilder$OneWeigher;                              : loaded 2 times (x 69B)
Class com.google.common.base.Suppliers                                                : loaded 2 times (x 71B)
Class org.gradle.internal.classloader.DefaultClassLoaderFactory                       : loaded 2 times (x 82B)
Class kotlin.sequences.SequencesKt___SequencesKt                                      : loaded 2 times (x 71B)
Class kotlin.collections.AbstractList$Companion                                       : loaded 2 times (x 71B)
Class com.google.common.io.ByteSource$ConcatenatedByteSource                          : loaded 2 times (x 85B)
Class com.google.common.collect.ImmutableSortedMapFauxverideShim                      : loaded 2 times (x 120B)
Class [Lcom.google.common.collect.AbstractIterator$State;                             : loaded 2 times (x 69B)
Class com.google.common.collect.ReverseNaturalOrdering                                : loaded 2 times (x 114B)
Class org.jetbrains.kotlin.gradle.plugin.PropertiesProvider$kotlinCompilerArgumentsLogLevel$1: loaded 2 times (x 74B)
Class org.jetbrains.kotlin.compilerRunner.CompilerSystemPropertiesService$Parameters_Decorated: loaded 2 times (x 134B)
Class org.jetbrains.kotlin.gradle.plugin.KotlinTargetWithTests                        : loaded 2 times (x 70B)
Class org.jetbrains.kotlin.gradle.plugin.diagnostics.ToolingDiagnosticRenderingOptions: loaded 2 times (x 72B)
Class [Lorg.jetbrains.kotlin.gradle.dsl.KotlinVersion;                                : loaded 2 times (x 69B)
Class org.jetbrains.kotlin.gradle.plugin.diagnostics.UsesKotlinToolingDiagnosticsParameters: loaded 2 times (x 70B)
Class org.jetbrains.kotlin.gradle.plugin.diagnostics.checkers.JsEnvironmentChecker    : loaded 2 times (x 74B)
Class org.jetbrains.kotlin.gradle.targets.js.npm.NpmDependencyExtensionKt             : loaded 2 times (x 71B)
Class org.jetbrains.kotlin.gradle.report.BuildMetricsService                          : loaded 2 times (x 86B)
Class org.jetbrains.kotlin.statistics.metrics.NumberAnonymizationPolicy               : loaded 2 times (x 85B)
Class org.jetbrains.kotlin.statistics.metrics.StringAnonymizationPolicy               : loaded 2 times (x 78B)
Class com.google.common.base.CharMatcher$None                                         : loaded 2 times (x 112B)
Class org.gradle.internal.classloader.ClassLoaderVisitor                              : loaded 2 times (x 76B)
Class net.rubygrapefruit.platform.NativeIntegrationUnavailableException               : loaded 2 times (x 82B)
Class net.rubygrapefruit.platform.internal.Platform                                   : loaded 2 times (x 79B)
Class com.google.common.collect.Ordering                                              : loaded 2 times (x 114B)
Class org.jetbrains.kotlin.build.report.metrics.BuildPerformanceMetrics               : loaded 2 times (x 72B)
Class org.jetbrains.kotlin.gradle.plugin.mpp.compilationImpl.KotlinCompilationLanguageSettingsConfigurator: loaded 2 times (x 74B)
Class org.jetbrains.kotlin.gradle.plugin.KotlinPluginLifecycleKt$await$1              : loaded 2 times (x 88B)
Class [Lorg.jetbrains.kotlin.gradle.plugin.KotlinCompilation;                         : loaded 2 times (x 69B)
Class org.jetbrains.kotlin.gradle.plugin.mpp.KotlinTargetComponentWithPublication     : loaded 2 times (x 70B)
Class org.jetbrains.kotlin.gradle.plugin.mpp.compilationImpl.KotlinCreateNativeCompileTasksSideEffectKt: loaded 2 times (x 71B)
Class org.jetbrains.kotlin.gradle.dsl.KotlinTargetContainerWithJsPresetFunctions      : loaded 2 times (x 70B)
Class org.jetbrains.kotlin.gradle.plugin.KotlinProjectSetupActionKt                   : loaded 2 times (x 71B)
Class org.jetbrains.kotlin.gradle.report.ReportingSettings$Companion                  : loaded 2 times (x 71B)
Class org.jetbrains.kotlin.gradle.report.ConfigureReporingKt                          : loaded 2 times (x 71B)
Class org.jetbrains.kotlin.tooling.core.TypeUtils                                     : loaded 2 times (x 71B)
Class [Lcom.google.common.collect.ImmutableMapEntry;                                  : loaded 2 times (x 69B)
Class org.gradle.api.internal.classpath.EffectiveClassPath                            : loaded 2 times (x 90B)
Class kotlin.text.StringsKt__AppendableKt                                             : loaded 2 times (x 71B)
Class build_13ufdkl3rir12yxr8hv7yfig1$_run_closure1$_closure3                         : loaded 2 times (x 139B)
Class com.google.common.collect.CollectSpliterators$1WithCharacteristics              : loaded 2 times (x 90B)
Class org.jetbrains.kotlin.gradle.plugin.statistics.IDaemonReuseCounterMXBean         : loaded 2 times (x 70B)
Class com.google.common.collect.AbstractIterator$1                                    : loaded 2 times (x 71B)
Class org.jetbrains.kotlin.gradle.plugin.mpp.compilationImpl.DefaultKotlinCompilationConfigurationsContainer: loaded 2 times (x 85B)
Class com.google.common.collect.ImmutableRangeSet                                     : loaded 2 times (x 115B)
Class org.jetbrains.kotlin.gradle.tasks.TasksProviderKt                               : loaded 2 times (x 71B)
Class org.jetbrains.kotlin.gradle.plugin.diagnostics.ToolingDiagnostic                : loaded 2 times (x 72B)
Class org.jetbrains.kotlin.gradle.plugin.sources.DefaultKotlinSourceSetFactory        : loaded 2 times (x 80B)
Class com.google.common.collect.ImmutableEnumMap                                      : loaded 2 times (x 125B)
Class com.google.common.collect.ListMultimap                                          : loaded 2 times (x 70B)
Class com.google.common.collect.ImmutableSet$SerializedForm                           : loaded 2 times (x 73B)
Class com.google.common.collect.ComparatorOrdering                                    : loaded 2 times (x 115B)
Class org.jetbrains.kotlin.incremental.ClasspathChanges                               : loaded 2 times (x 71B)
Class org.jetbrains.kotlin.buildtools.api.jvm.ClassSnapshotGranularity                : loaded 2 times (x 79B)
Class org.jetbrains.kotlin.gradle.ExternalKotlinTargetApi                             : loaded 2 times (x 70B)
Class com.google.common.collect.Iterators$EmptyModifiableIterator                     : loaded 2 times (x 86B)
Class org.jetbrains.kotlin.gradle.plugin.diagnostics.checkers.AndroidPluginWithoutAndroidTargetChecker$runChecks$1: loaded 2 times (x 88B)
Class org.jetbrains.kotlin.gradle.plugin.diagnostics.checkers.AndroidSourceSetLayoutV1SourceSetsNotFoundChecker$runChecks$1: loaded 2 times (x 88B)
Class org.jetbrains.kotlin.gradle.plugin.diagnostics.KotlinGradleProjectCheckersRunnerKt$launchKotlinGradleProjectCheckers$1$1: loaded 2 times (x 95B)
Class org.jetbrains.kotlin.gradle.targets.CreateDefaultTestRunSideEffectKt            : loaded 2 times (x 71B)
Class org.jetbrains.kotlin.gradle.utils.ProviderApiUtilsKt$mapOrNull$1                : loaded 2 times (x 75B)
Class org.jetbrains.kotlin.gradle.targets.native.toolchain.KotlinNativeBundleBuildService$Companion$registerIfAbsent$1: loaded 2 times (x 74B)
Class org.jetbrains.kotlin.gradle.plugin.PropertiesProvider$kotlinExperimentalTryNext$1: loaded 2 times (x 75B)
Class org.jetbrains.kotlin.statistics.metrics.BooleanAnonymizationPolicy              : loaded 2 times (x 85B)
Class org.jetbrains.kotlin.statistics.metrics.BooleanOverridePolicy$OVERRIDE          : loaded 2 times (x 85B)
Class org.jetbrains.kotlin.gradle.plugin.VariantImplementationFactoriesConfigurator$Companion$getProvider$1: loaded 2 times (x 74B)
Class com.google.common.collect.Sets$1                                                : loaded 2 times (x 139B)
Class org.objectweb.asm.AnnotationVisitor                                             : loaded 2 times (x 78B)
Class com.google.common.base.Splitter                                                 : loaded 2 times (x 72B)
Class org.gradle.api.internal.DefaultClassPathProvider                                : loaded 2 times (x 76B)
Class kotlin.sequences.Sequence                                                       : loaded 2 times (x 70B)
Class kotlin.text.StringsKt__StringNumberConversionsJVMKt                             : loaded 2 times (x 71B)
Class build_ekmzp9ikdp8yezqc7u9naoklf$_run_closure1                                   : loaded 2 times (x 139B)
Class build_u1pkbc37it2fjefnce2nehbs$_run_closure1                                    : loaded 2 times (x 139B)
Class com.google.common.io.CharSource$ConcatenatedCharSource                          : loaded 2 times (x 86B)
Class com.google.common.collect.MapMakerInternalMap$Strength$1                        : loaded 2 times (x 80B)
Class org.jetbrains.kotlin.statistics.metrics.OverrideMetricContainer                 : loaded 2 times (x 80B)
Class [Lcom.google.common.base.Function;                                              : loaded 2 times (x 69B)
Class com.google.common.collect.NaturalOrdering                                       : loaded 2 times (x 115B)
Class com.google.common.collect.Maps$ViewCachingAbstractMap                           : loaded 2 times (x 125B)
Class org.jetbrains.kotlin.gradle.tasks.configuration.KaptGenerateStubsConfig$Companion$wireJavaAndKotlinOutputs$1: loaded 2 times (x 79B)
Class org.jetbrains.kotlin.gradle.plugin.KotlinPluginLifecycleCoroutineContextElement : loaded 2 times (x 84B)
Class org.jetbrains.kotlin.gradle.dsl.PlatformSourceSetConventionsChecker             : loaded 2 times (x 74B)
Class org.jetbrains.kotlin.gradle.plugin.diagnostics.checkers.KotlinSourceSetTreeDependsOnMismatchChecker: loaded 2 times (x 74B)
Class org.jetbrains.kotlin.gradle.targets.CreateDefaultCompilationsSideEffectKt       : loaded 2 times (x 71B)
Class org.jetbrains.kotlin.gradle.plugin.mpp.SyncLanguageSettingsWithKotlinExtensionSetupActionKt: loaded 2 times (x 71B)
Class org.jetbrains.kotlin.statistics.metrics.NumericalMetrics                        : loaded 2 times (x 80B)
Class org.jetbrains.kotlin.gradle.plugin.VariantImplementationFactories$Companion$getProvider$2$1: loaded 2 times (x 79B)
Class com.google.common.collect.Sets$2                                                : loaded 2 times (x 139B)
Class [Lorg.gradle.api.internal.ClassPathProvider;                                    : loaded 2 times (x 69B)
Class org.gradle.api.internal.ClassPathProvider                                       : loaded 2 times (x 70B)
Class com.google.common.collect.MapMakerInternalMap$Strength$2                        : loaded 2 times (x 80B)
Class org.jetbrains.kotlin.gradle.plugin.statistics.BuildFinishMetrics$reportBuildFinished$1: loaded 2 times (x 79B)
Class org.jetbrains.kotlin.gradle.plugin.statistics.ExecutedTaskMetrics               : loaded 2 times (x 71B)
Class org.jetbrains.kotlin.gradle.plugin.diagnostics.CheckKotlinGradlePluginConfigurationErrors$Companion: loaded 2 times (x 71B)
Class org.jetbrains.kotlin.gradle.tasks.KotlinJvmCompile$DefaultImpls                 : loaded 2 times (x 71B)
Class org.jetbrains.kotlin.gradle.tasks.CacheableTasksKt                              : loaded 2 times (x 71B)
Class org.jetbrains.kotlin.gradle.plugin.diagnostics.checkers.UnusedSourceSetsChecker$runChecks$1: loaded 2 times (x 88B)
Class org.jetbrains.kotlin.gradle.targets.js.npm.PeerNpmDependencyExtension           : loaded 2 times (x 70B)
Class org.jetbrains.kotlin.gradle.dsl.AndroidMainSourceSetConventionsChecker          : loaded 2 times (x 74B)
Class org.jetbrains.kotlin.gradle.targets.js.npm.NpmDependencyExtensionKt$AddNpmDependencyExtensionProjectSetupAction$1: loaded 2 times (x 74B)
Class org.jetbrains.kotlin.build.report.metrics.GradleBuildPerformanceMetric          : loaded 2 times (x 92B)
Class [Lorg.objectweb.asm.AnnotationVisitor;                                          : loaded 2 times (x 69B)
Class com.google.common.collect.Sets$3                                                : loaded 2 times (x 139B)
Class com.google.common.util.concurrent.AbstractFuture$SafeAtomicHelper               : loaded 2 times (x 79B)
Class com.google.common.cache.LocalCache$LocalLoadingCache                            : loaded 2 times (x 134B)
Class com.google.common.base.AbstractIterator$State                                   : loaded 2 times (x 79B)
Class org.gradle.internal.service.UnknownServiceException                             : loaded 2 times (x 83B)
Class com.google.common.collect.MapMakerInternalMap$StrongValueEntry                  : loaded 2 times (x 70B)
Class com.google.common.io.ByteArrayDataInput                                         : loaded 2 times (x 70B)
Class org.jetbrains.kotlin.gradle.tasks.configuration.BaseKotlinCompileConfig$2$1$1$1 : loaded 2 times (x 74B)
Class org.jetbrains.kotlin.gradle.tasks.KotlinCompile$ScriptFilterSpec                : loaded 2 times (x 75B)
Class org.jetbrains.kotlin.gradle.plugin.diagnostics.checkers.ComposePluginSuggestApplyChecker$runChecks$1: loaded 2 times (x 88B)
Class org.jetbrains.kotlin.gradle.targets.js.npm.DefaultPeerNpmDependencyExtension    : loaded 2 times (x 141B)
Class org.jetbrains.kotlin.gradle.plugin.KotlinPluginLifecycleKt                      : loaded 2 times (x 71B)
Class org.jetbrains.kotlin.gradle.plugin.mpp.AbstractKotlinTarget                     : loaded 2 times (x 154B)
Class org.jetbrains.kotlin.gradle.plugin.VariantImplementationFactoriesConfigurator$Inject: loaded 2 times (x 96B)
Class org.jetbrains.kotlin.gradle.dsl.KotlinSingleTargetExtension                     : loaded 2 times (x 100B)
Class com.google.common.collect.Sets$4                                                : loaded 2 times (x 139B)
Class org.objectweb.asm.ModuleVisitor                                                 : loaded 2 times (x 81B)
Class com.google.common.cache.LocalCache$Strength$1                                   : loaded 2 times (x 81B)
Class build_ekmzp9ikdp8yezqc7u9naoklf                                                 : loaded 2 times (x 180B)
Class net.rubygrapefruit.platform.internal.Platform$MacOs64Bit                        : loaded 2 times (x 82B)
Class com.google.common.collect.Collections2$FilteredCollection                       : loaded 2 times (x 119B)
Class org.jetbrains.kotlin.gradle.tasks.configuration.BaseKotlinCompileConfig$2$1$1$2 : loaded 2 times (x 74B)
Class org.jetbrains.kotlin.gradle.plugin.mpp.KotlinCompilationsKt$addSourcesToKotlinCompileTask$configureAction$2: loaded 2 times (x 79B)
Class org.jetbrains.kotlin.gradle.plugin.mpp.compilationImpl.KotlinCompilationTaskNamesContainer: loaded 2 times (x 72B)
Class org.jetbrains.kotlin.gradle.plugin.mpp.compilationImpl.factory.KotlinCompilationImplFactory$KotlinCompilerOptionsFactory: loaded 2 times (x 70B)
Class org.jetbrains.kotlin.gradle.targets.js.npm.NpmDependencyExtension               : loaded 2 times (x 70B)
Class org.jetbrains.kotlin.gradle.plugin.LanguageSettingsBuilder                      : loaded 2 times (x 70B)
Class org.jetbrains.kotlin.gradle.targets.ConfigureBuildSideEffectKt                  : loaded 2 times (x 71B)
Class org.jetbrains.kotlin.gradle.plugin.BuildEventsListenerRegistryHolder$Companion  : loaded 2 times (x 71B)
Class [Lorg.jetbrains.kotlin.statistics.metrics.StringMetrics;                        : loaded 2 times (x 69B)
Class com.google.common.util.concurrent.SettableFuture                                : loaded 2 times (x 114B)
Class com.google.common.cache.LocalCache$Strength$2                                   : loaded 2 times (x 81B)
Class kotlin.collections.ArraysKt___ArraysJvmKt                                       : loaded 2 times (x 71B)
Class kotlin.collections.CollectionsKt__CollectionsKt                                 : loaded 2 times (x 71B)
Class kotlin.text.StringsKt__RegexExtensionsJVMKt                                     : loaded 2 times (x 71B)
Class net.rubygrapefruit.platform.internal.Platform$Posix                             : loaded 2 times (x 81B)
Class com.google.common.collect.Interners$InternerImpl                                : loaded 2 times (x 75B)
Class com.google.common.collect.Interner                                              : loaded 2 times (x 70B)
Class com.google.common.io.ByteStreams                                                : loaded 2 times (x 71B)
Class org.jetbrains.kotlin.statistics.fileloggers.MetricsContainer$MetricDescriptor   : loaded 2 times (x 75B)
Class [Lcom.google.common.collect.Maps$EntryFunction;                                 : loaded 2 times (x 69B)
Class com.google.common.collect.ComparisonChain$1                                     : loaded 2 times (x 81B)
Class com.google.common.collect.AllEqualOrdering                                      : loaded 2 times (x 114B)
Class com.google.common.collect.TransformedIterator                                   : loaded 2 times (x 80B)
Class org.jetbrains.kotlin.gradle.tasks.KotlinJavaToolchain$JdkSetter                 : loaded 2 times (x 70B)
Class org.jetbrains.kotlin.gradle.plugin.KotlinPluginLifecycle$ProjectConfigurationResult$Success: loaded 2 times (x 71B)
Class org.jetbrains.kotlin.gradle.internal.StdlibDependencyManagementKt$configureStdlibVersionAlignment$1: loaded 2 times (x 75B)
Class org.jetbrains.kotlin.gradle.dsl.PlatformSourceSetConventionsChecker$CheckedPlatformInfo: loaded 2 times (x 72B)
Class org.jetbrains.kotlin.gradle.plugin.mpp.KotlinUsages$KotlinCinteropDisambiguation: loaded 2 times (x 76B)
Class org.jetbrains.kotlin.gradle.plugin.KotlinPluginInMultipleProjectsHolder         : loaded 2 times (x 72B)
Class org.jetbrains.kotlin.gradle.report.BuildReportType$Companion                    : loaded 2 times (x 71B)
Class com.google.common.cache.LocalCache$Strength$3                                   : loaded 2 times (x 81B)
Class com.google.common.collect.MapDifference                                         : loaded 2 times (x 70B)
Class com.google.common.base.Splitter$1                                               : loaded 2 times (x 77B)
Class kotlin._Assertions                                                              : loaded 2 times (x 71B)
Class com.google.common.reflect.Invokable                                             : loaded 2 times (x 103B)
Class com.google.common.collect.MapMaker$Dummy                                        : loaded 2 times (x 79B)
Class org.jetbrains.kotlin.gradle.tasks.KotlinCompilerPluginData$InputsOutputsState   : loaded 2 times (x 72B)
Class org.jetbrains.kotlin.gradle.plugin.mpp.compilationImpl.DefaultKotlinCompilationFriendPathsResolver$CompositeFriendArtifactResolver: loaded 2 times (x 75B)
Class org.jetbrains.kotlin.gradle.plugin.sources.FragmentConsistencyChecks$optInAnnotationsCheck$1: loaded 2 times (x 79B)
Class org.jetbrains.kotlin.gradle.plugin.mpp.AbstractKotlinCompilationToRunnableFiles : loaded 2 times (x 196B)
Class org.jetbrains.kotlin.gradle.artifacts.KotlinMetadataArtifactKt$KotlinMetadataArtifact$1: loaded 2 times (x 74B)
Class org.jetbrains.kotlin.gradle.plugin.mpp.KotlinUsages$KotlinMetadataCompatibility : loaded 2 times (x 76B)
Class [Lorg.jetbrains.kotlin.gradle.dsl.JvmTarget;                                    : loaded 2 times (x 69B)
Class org.jetbrains.kotlin.gradle.utils.ConfigurationsKt$maybeCreateResolvable$1      : loaded 2 times (x 78B)
Class org.jetbrains.kotlin.gradle.plugin.StatisticsBuildFlowManager$Companion         : loaded 2 times (x 71B)
Class org.jetbrains.kotlin.statistics.metrics.StringMetrics$Companion                 : loaded 2 times (x 71B)
Class org.jetbrains.kotlin.tooling.core.Extras$Type                                   : loaded 2 times (x 72B)
Class org.objectweb.asm.FieldWriter                                                   : loaded 2 times (x 78B)
Class com.google.common.cache.CacheBuilder$NullListener                               : loaded 2 times (x 82B)
Class org.gradle.internal.classpath.TransformedClassPath                              : loaded 2 times (x 96B)
Class org.gradle.internal.classloader.InstrumentingClassLoader                        : loaded 2 times (x 70B)
Class kotlin.enums.EnumEntriesList                                                    : loaded 2 times (x 223B)
Class com.google.common.collect.ImmutableListMultimap                                 : loaded 2 times (x 176B)
Class com.google.common.collect.Maps$IteratorBasedAbstractMap$1                       : loaded 2 times (x 138B)
Class org.jetbrains.kotlin.gradle.plugin.BuildFinishedListenerService$Companion       : loaded 2 times (x 71B)
Class org.jetbrains.kotlin.gradle.plugin.BuildFinishedListenerService                 : loaded 2 times (x 80B)
Class com.google.common.collect.ImmutableRangeSet$AsSet                               : loaded 2 times (x 299B)
Class org.jetbrains.kotlin.gradle.plugin.sources.FragmentConsistencyChecks$optInAnnotationsCheck$2: loaded 2 times (x 78B)
Class org.jetbrains.kotlin.gradle.targets.NativeForwardImplementationToApiElementsSideEffectKt$special$$inlined$KotlinTargetSideEffect$1: loaded 2 times (x 74B)
Class com.google.common.cache.CacheLoader$FunctionToCacheLoader                       : loaded 2 times (x 75B)
Class com.google.common.collect.Iterators$ArrayItr                                    : loaded 2 times (x 97B)
Class com.google.common.collect.ImmutableCollection$Builder                           : loaded 2 times (x 76B)
Class kotlin.comparisons.ComparisonsKt___ComparisonsJvmKt                             : loaded 2 times (x 71B)
Class kotlin.collections.CollectionsKt__IteratorsJVMKt                                : loaded 2 times (x 71B)
Class build_13ufdkl3rir12yxr8hv7yfig1$_run_closure1                                   : loaded 2 times (x 139B)
Class build_15t9uw2vyvgztp1dtf6rxpage$_run_closure1$_closure2                         : loaded 2 times (x 139B)
Class com.google.common.collect.EmptyImmutableListMultimap                            : loaded 2 times (x 176B)
Class com.google.common.collect.BaseImmutableMultimap                                 : loaded 2 times (x 123B)
Class org.jetbrains.kotlin.gradle.tasks.AbstractKotlinCompileTool$sources$1           : loaded 2 times (x 79B)
Class org.jetbrains.kotlin.gradle.internal.ClassLoadersCachingBuildService$Companion  : loaded 2 times (x 71B)
Class org.jetbrains.kotlin.gradle.tasks.configuration.TaskConfigAction                : loaded 2 times (x 72B)
Class org.jetbrains.kotlin.gradle.plugin.diagnostics.checkers.OverriddenKotlinNativeHomeChecker$allKonanMainSubdirectoriesExist$1: loaded 2 times (x 75B)
Class org.jetbrains.kotlin.gradle.plugin.AbstractKotlinPlugin$Companion               : loaded 2 times (x 71B)
Class org.jetbrains.kotlin.gradle.plugin.KotlinSourceSetTree                          : loaded 2 times (x 72B)
Class org.jetbrains.kotlin.gradle.plugin.KotlinPluginLifecycle$Stage                  : loaded 2 times (x 79B)
Class org.jetbrains.kotlin.gradle.plugin.mpp.compilationImpl.KotlinCreateResourcesTaskSideEffectKt$KotlinCreateResourcesTaskSideEffect$1: loaded 2 times (x 74B)
Class org.jetbrains.kotlin.gradle.plugin.sources.KotlinSourceSetFactory               : loaded 2 times (x 80B)
Class com.google.common.base.Joiner                                                   : loaded 2 times (x 79B)
Class com.google.common.base.MoreObjects                                              : loaded 2 times (x 71B)
Class [Lcom.google.common.collect.MapMakerInternalMap$Segment;                        : loaded 2 times (x 69B)
Class [Lorg.jetbrains.kotlin.build.report.metrics.BuildAttribute;                     : loaded 2 times (x 69B)
Class org.jetbrains.kotlin.gradle.utils.ProviderApiUtilsKt$mapOrNull$1$1              : loaded 2 times (x 75B)
Class org.jetbrains.kotlin.gradle.plugin.hierarchy.KotlinSourceSetTreeClassifier$Default: loaded 2 times (x 71B)
Class org.jetbrains.kotlin.gradle.plugin.mpp.InternalKotlinCompilationKt              : loaded 2 times (x 71B)
Class org.jetbrains.kotlin.gradle.tasks.configuration.AbstractKotlinCompileConfig     : loaded 2 times (x 72B)
Class org.jetbrains.kotlin.gradle.plugin.mpp.compilationImpl.KotlinCompilationImpl$attributes$2: loaded 2 times (x 79B)
Class org.jetbrains.kotlin.gradle.plugin.diagnostics.checkers.OverriddenKotlinNativeHomeChecker$StdlibExistenceCheckerValueSource: loaded 2 times (x 78B)
Class org.jetbrains.kotlin.gradle.utils.IsolatedKotlinClasspathClassCastException     : loaded 2 times (x 82B)
Class [Lorg.objectweb.asm.Type;                                                       : loaded 2 times (x 69B)
Class com.google.common.collect.Platform                                              : loaded 2 times (x 71B)
Class com.google.common.collect.UnmodifiableIterator                                  : loaded 2 times (x 80B)
Class org.gradle.internal.service.ServiceLocator                                      : loaded 2 times (x 70B)
Class kotlin.Pair                                                                     : loaded 2 times (x 72B)
Class [Lkotlin.Function;                                                              : loaded 2 times (x 69B)
Class build_1d300k7k8exzvzm6tzuwevccc$_run_closure1                                   : loaded 2 times (x 139B)
Class com.google.common.collect.ImmutableSortedMap$Builder                            : loaded 2 times (x 90B)
Class com.google.common.collect.HashBiMap$BiEntry                                     : loaded 2 times (x 83B)
Class org.jetbrains.kotlin.gradle.tasks.DefaultKotlinJavaToolchain$DefaultJavaToolchainSetter$useAsConvention$1: loaded 2 times (x 75B)
Class org.jetbrains.kotlin.gradle.plugin.KotlinCompilerArgumentsProducer$CreateCompilerArgumentsContext: loaded 2 times (x 70B)
Class org.jetbrains.kotlin.gradle.utils.GradleAttributesContainerUtilsKt$copyAttributeTo$1: loaded 2 times (x 79B)
Class org.jetbrains.kotlin.gradle.plugin.hierarchy.KotlinSourceSetTreeClassifierKt$classify$1: loaded 2 times (x 88B)
Class org.jetbrains.kotlin.gradle.plugin.diagnostics.checkers.WasmSourceSetsNotFoundChecker: loaded 2 times (x 74B)
Class org.jetbrains.kotlin.gradle.plugin.diagnostics.checkers.AndroidSourceSetLayoutV1SourceSetsNotFoundChecker$androidSourceSetRegex$2: loaded 2 times (x 78B)
Class org.jetbrains.kotlin.gradle.plugin.statistics.KotlinBuildStatsLoggerService$Companion: loaded 2 times (x 71B)
Class com.google.common.base.Ascii                                                    : loaded 2 times (x 71B)
Class com.google.common.collect.SingletonImmutableBiMap                               : loaded 2 times (x 143B)
Class com.google.common.cache.LocalCache$1                                            : loaded 2 times (x 89B)
Class com.google.common.collect.AbstractMapEntry                                      : loaded 2 times (x 81B)
Class kotlin.io.CloseableKt                                                           : loaded 2 times (x 71B)
Class kotlin.collections.CollectionsKt__MutableCollectionsKt                          : loaded 2 times (x 71B)
Class com.google.common.reflect.TypeToken$SimpleTypeToken                             : loaded 2 times (x 73B)
Class com.google.common.io.CharSource$StringCharSource                                : loaded 2 times (x 86B)
Class com.google.common.io.ByteSource$ByteArrayByteSource                             : loaded 2 times (x 85B)
Class net.rubygrapefruit.platform.internal.WindowsProcessLauncher                     : loaded 2 times (x 76B)
Class com.google.common.collect.MapMakerInternalMap$AbstractStrongKeyEntry            : loaded 2 times (x 80B)
Class com.google.common.collect.AbstractSetMultimap                                   : loaded 2 times (x 174B)
Class org.jetbrains.kotlin.gradle.plugin.KotlinCompilationWithResources               : loaded 2 times (x 70B)
Class com.google.common.collect.Sets$ImprovedAbstractSet                              : loaded 2 times (x 135B)
Class com.google.common.collect.ImmutableList$Builder                                 : loaded 2 times (x 77B)
Class org.jetbrains.kotlin.gradle.plugin.KotlinTargetPreset                           : loaded 2 times (x 70B)
Class org.jetbrains.kotlin.gradle.plugin.diagnostics.checkers.KotlinTargetAlreadyDeclaredChecker: loaded 2 times (x 74B)
Class org.jetbrains.kotlin.gradle.plugin.mpp.compilationImpl.KotlinCompilationProcessorSideEffectKt: loaded 2 times (x 71B)
Class org.jetbrains.kotlin.gradle.dsl.HasConfigurableKotlinCompilerOptions            : loaded 2 times (x 70B)
Class org.jetbrains.kotlin.gradle.utils.FileUtilsKt$localProperties$1                 : loaded 2 times (x 75B)
Class com.google.common.cache.LocalCache$2                                            : loaded 2 times (x 142B)
Class com.google.common.collect.AbstractMultimap                                      : loaded 2 times (x 123B)
Class kotlin.io.TerminateException                                                    : loaded 2 times (x 82B)
Class kotlin.io.FilesKt__FilePathComponentsKt                                         : loaded 2 times (x 71B)
Class org.jetbrains.kotlin.gradle.plugin.statistics.KotlinProjectConfigurationMetrics : loaded 2 times (x 71B)
Class org.jetbrains.kotlin.gradle.tasks.configuration.AbstractKotlinCompileConfig$2$1 : loaded 2 times (x 79B)
Class org.jetbrains.kotlin.gradle.tasks.DefaultKotlinJavaToolchain_Decorated          : loaded 2 times (x 126B)
Class org.jetbrains.kotlin.gradle.plugin.KotlinCompilationInfo$TCS                    : loaded 2 times (x 89B)
Class com.google.common.collect.ImmutableRangeSet$1                                   : loaded 2 times (x 209B)
Class org.jetbrains.kotlin.gradle.plugin.mpp.HasBinaries                              : loaded 2 times (x 70B)
Class org.jetbrains.kotlin.gradle.dsl.KotlinCommonOptions                             : loaded 2 times (x 70B)
Class org.jetbrains.kotlin.gradle.plugin.mpp.compilationImpl.KotlinCreateSourcesJarTaskSideEffectKt: loaded 2 times (x 71B)
Class org.jetbrains.kotlin.gradle.dsl.KotlinJvmProjectExtension                       : loaded 2 times (x 103B)
Class org.jetbrains.kotlin.gradle.plugin.KotlinGradlePluginExtensionPointInternalKt   : loaded 2 times (x 71B)
Class org.jetbrains.kotlin.gradle.targets.native.toolchain.UsesKotlinNativeBundleBuildService: loaded 2 times (x 70B)
Class org.jetbrains.kotlin.gradle.plugin.KotlinCompilerArgumentsProducer              : loaded 2 times (x 70B)
Class org.jetbrains.kotlin.build.report.metrics.ValueType                             : loaded 2 times (x 79B)
Class com.google.common.util.concurrent.AbstractFuture$UnsafeAtomicHelper$1           : loaded 2 times (x 76B)
Class com.google.common.collect.RegularImmutableAsList                                : loaded 2 times (x 216B)
Class com.google.common.base.Optional                                                 : loaded 2 times (x 80B)
Class org.jetbrains.kotlin.build.report.metrics.BuildTimes$Companion                  : loaded 2 times (x 71B)
Class org.jetbrains.kotlin.gradle.tasks.configuration.BaseKotlinCompileConfig$1$classpathConfiguration$1: loaded 2 times (x 75B)
Class com.google.common.collect.Range                                                 : loaded 2 times (x 87B)
Class org.jetbrains.kotlin.gradle.targets.js.npm.NpmDependencyExtensionDelegate       : loaded 2 times (x 167B)
Class org.jetbrains.kotlin.gradle.plugin.sources.FragmentConsistencyChecker           : loaded 2 times (x 72B)
Class org.jetbrains.kotlin.gradle.dsl.DefaultToolchainSupport_Decorated               : loaded 2 times (x 124B)
Class org.jetbrains.kotlin.gradle.plugin.HasProject                                   : loaded 2 times (x 70B)
Class org.jetbrains.kotlin.gradle.report.BuildMetricsService$Companion                : loaded 2 times (x 71B)
Class org.jetbrains.kotlin.gradle.tasks.KotlinCompileTool                             : loaded 2 times (x 70B)
Class org.jetbrains.kotlin.gradle.plugin.PropertiesProvider$PropertyNames             : loaded 2 times (x 71B)
Class org.jetbrains.kotlin.gradle.utils.GradleUtilsKt                                 : loaded 2 times (x 71B)
Class org.jetbrains.kotlin.gradle.plugin.VariantImplementationFactories$Parameters_Decorated: loaded 2 times (x 134B)
Class com.google.common.util.concurrent.AbstractFuture$Trusted                        : loaded 2 times (x 70B)
Class com.google.common.collect.Iterators                                             : loaded 2 times (x 71B)
Class com.google.common.base.CharMatcher$RangesMatcher                                : loaded 2 times (x 112B)
Class com.google.common.cache.LocalCache$ValueIterator                                : loaded 2 times (x 86B)
Class net.rubygrapefruit.platform.internal.Platform$Linux32Bit                        : loaded 2 times (x 83B)
Class com.google.common.collect.ExplicitOrdering                                      : loaded 2 times (x 115B)
Class com.google.common.io.ByteSink$AsCharSink                                        : loaded 2 times (x 80B)
Class org.jetbrains.kotlin.gradle.tasks.configuration.AbstractKotlinCompileConfig$2$3 : loaded 2 times (x 75B)
Class org.jetbrains.kotlin.gradle.tasks.configuration.BaseKotlinCompileConfig         : loaded 2 times (x 72B)
Class org.jetbrains.kotlin.gradle.plugin.mpp.compilationImpl.factory.KotlinCompilationImplFactory$KotlinCompilationTaskNamesContainerFactory: loaded 2 times (x 70B)
Class org.jetbrains.kotlin.gradle.internal.KotlinDependenciesManagementKt$CustomizeKotlinDependenciesSetupAction$1$coreLibrariesVersion$1: loaded 2 times (x 79B)
Class org.jetbrains.kotlin.gradle.plugin.diagnostics.checkers.CInteropInputChecker$runChecks$1: loaded 2 times (x 88B)
Class org.jetbrains.kotlin.gradle.ExperimentalKotlinGradlePluginApi                   : loaded 2 times (x 70B)
Class org.jetbrains.kotlin.statistics.metrics.NumberAnonymizationPolicy$SAFE          : loaded 2 times (x 85B)
Class org.jetbrains.kotlin.gradle.plugin.statistics.BuildFusService                   : loaded 2 times (x 84B)
Class org.jetbrains.kotlin.gradle.dsl.KotlinAndroidProjectExtension                   : loaded 2 times (x 103B)
Class com.google.common.util.concurrent.UncheckedExecutionException                   : loaded 2 times (x 82B)
Class com.google.common.collect.Lists$StringAsImmutableList                           : loaded 2 times (x 207B)
Class net.rubygrapefruit.platform.Native                                              : loaded 2 times (x 71B)
Class net.rubygrapefruit.platform.NativeIntegration                                   : loaded 2 times (x 70B)
Class org.jetbrains.kotlin.gradle.tasks.configuration.AbstractKotlinCompileConfig$2$4 : loaded 2 times (x 75B)
Class org.jetbrains.kotlin.gradle.tasks.KotlinCompile$scriptSources$1                 : loaded 2 times (x 75B)
Class org.jetbrains.kotlin.build.report.metrics.BuildAttribute$Companion              : loaded 2 times (x 71B)
Class org.jetbrains.kotlin.gradle.plugin.diagnostics.checkers.CInteropInputChecker$runChecks$2: loaded 2 times (x 75B)
Class org.jetbrains.kotlin.gradle.tasks.configuration.KaptGenerateStubsConfig$Companion: loaded 2 times (x 71B)
Class org.jetbrains.kotlin.gradle.internal.KotlinTestDependencyManagementKt$maybeAddTestDependencyCapability$1: loaded 2 times (x 75B)
Class com.google.common.collect.ImmutableSortedSetFauxverideShim                      : loaded 2 times (x 147B)
Class org.jetbrains.kotlin.gradle.plugin.diagnostics.CheckKotlinGradlePluginConfigurationErrorsKt: loaded 2 times (x 71B)
Class org.jetbrains.kotlin.gradle.targets.js.npm.NpmDependencyExtensionKt$AddNpmDependencyExtensionProjectSetupAction$1$WhenMappings: loaded 2 times (x 71B)
Class org.jetbrains.kotlin.gradle.plugin.mpp.KotlinJvmAndroidCompilation              : loaded 2 times (x 198B)
Class org.jetbrains.kotlin.gradle.targets.CreateDefaultCompilationsSideEffectKt$CreateDefaultCompilationsSideEffect$1: loaded 2 times (x 74B)
Class org.jetbrains.kotlin.gradle.targets.native.internal.AddKotlinPlatformIntegersSupportLibraryKt$AddKotlinPlatformIntegersSupportLibrary$1: loaded 2 times (x 95B)
Class org.jetbrains.kotlin.gradle.plugin.mpp.ApplyUserDefinedAttributesKt             : loaded 2 times (x 71B)
Class org.jetbrains.kotlin.gradle.utils.FutureImpl                                    : loaded 2 times (x 80B)
Class [Lorg.jetbrains.kotlin.statistics.metrics.NumericalMetrics;                     : loaded 2 times (x 69B)
Class com.google.common.base.CharMatcher$JavaLetterOrDigit                            : loaded 2 times (x 111B)
Class org.gradle.internal.InternalTransformer                                         : loaded 2 times (x 70B)
Class kotlin.collections.EmptyList                                                    : loaded 2 times (x 174B)
Class kotlin.collections.MapsKt__MapsJVMKt                                            : loaded 2 times (x 71B)
Class [Lnet.rubygrapefruit.platform.internal.FunctionResult$Failure;                  : loaded 2 times (x 69B)
Class com.google.common.collect.HashMultimapGwtSerializationDependencies              : loaded 2 times (x 174B)
Class org.jetbrains.kotlin.gradle.tasks.CompileUsingKotlinDaemonWithNormalization     : loaded 2 times (x 70B)
Class org.jetbrains.kotlin.gradle.plugin.mpp.compilationImpl.factory.KotlinCompilationImplFactory$PostConfigure$Companion: loaded 2 times (x 71B)
Class com.google.common.collect.AbstractMapBasedMultimap$KeySet$1                     : loaded 2 times (x 82B)
Class org.jetbrains.kotlin.gradle.internal.KotlinDomApiDependencyManagementKt$configureKotlinDomApiDefaultDependency$1: loaded 2 times (x 79B)
Class org.jetbrains.kotlin.gradle.targets.js.npm.DefaultDevNpmDependencyExtension     : loaded 2 times (x 145B)
Class [Lorg.jetbrains.kotlin.gradle.plugin.HasKotlinDependencies;                     : loaded 2 times (x 69B)
Class org.jetbrains.kotlin.gradle.tasks.DefaultKotlinJavaToolchain$Companion$wireJvmTargetToToolchain$1: loaded 2 times (x 75B)
Class org.jetbrains.kotlin.gradle.plugin.KotlinPlatformType                           : loaded 2 times (x 82B)
Class org.jetbrains.kotlin.gradle.plugin.KotlinGradleBuildServices$Companion          : loaded 2 times (x 71B)
Class org.objectweb.asm.ClassWriter                                                   : loaded 2 times (x 106B)
Class com.google.common.cache.CacheLoader$UnsupportedLoadingOperationException        : loaded 2 times (x 82B)
Class com.google.common.base.CharMatcher$And                                          : loaded 2 times (x 112B)
Class org.gradle.internal.classloader.ClasspathUtil$1                                 : loaded 2 times (x 76B)
Class Build_gradle$3$5$1$1                                                            : loaded 2 times (x 78B)
Class com.google.common.collect.FluentIterable$1                                      : loaded 2 times (x 81B)
Class com.google.common.base.Objects                                                  : loaded 2 times (x 71B)
Class com.google.common.collect.AbstractMapBasedMultimap$Itr                          : loaded 2 times (x 83B)
Class org.jetbrains.kotlin.gradle.plugin.diagnostics.ToolingDiagnosticRenderingOptions$Companion: loaded 2 times (x 71B)
Class org.jetbrains.kotlin.gradle.dsl.KotlinJvmCompilerOptionsHelper                  : loaded 2 times (x 71B)
Class org.jetbrains.kotlin.gradle.tasks.DefaultKotlinJavaToolchain$Companion$wireJvmTargetToToolchain$2: loaded 2 times (x 75B)
Class org.jetbrains.kotlin.gradle.plugin.ProjectLocalConfigurations$ProjectLocalDisambiguation: loaded 2 times (x 76B)
Class org.jetbrains.kotlin.gradle.plugin.KotlinGradleBuildServices$detectKotlinPluginLoadedInMultipleProjects$onRegister$1$1: loaded 2 times (x 75B)
Class org.jetbrains.kotlin.gradle.plugin.internal.ConfigurationCacheStartParameterAccessor$Factory: loaded 2 times (x 70B)
Class org.objectweb.asm.FieldVisitor                                                  : loaded 2 times (x 77B)
Class com.google.common.collect.IndexedImmutableSet                                   : loaded 2 times (x 150B)
Class com.google.common.collect.ImmutableMap$1                                        : loaded 2 times (x 81B)
Class com.google.common.collect.BiMap                                                 : loaded 2 times (x 70B)
Class org.gradle.api.internal.classpath.DefaultModuleRegistry$DefaultModule           : loaded 2 times (x 86B)
Class org.jetbrains.kotlin.name.ClassId                                               : loaded 2 times (x 72B)
Class org.jetbrains.kotlin.gradle.plugin.statistics.BuildFinishMetrics$reportGlobalMetrics$1: loaded 2 times (x 79B)
Class com.google.common.collect.FluentIterable$2                                      : loaded 2 times (x 81B)
Class com.google.common.base.Absent                                                   : loaded 2 times (x 80B)
Class com.google.common.collect.NullsFirstOrdering                                    : loaded 2 times (x 115B)
Class org.jetbrains.kotlin.gradle.internal.transforms.BuildToolsApiClasspathEntrySnapshotTransform$Parameters$Inject: loaded 2 times (x 117B)
Class org.jetbrains.kotlin.gradle.plugin.diagnostics.CheckKotlinGradlePluginConfigurationErrors_Decorated: loaded 2 times (x 365B)
Class org.jetbrains.kotlin.gradle.plugin.mpp.compilationImpl.KotlinCompilationSourceSetInclusion$DefaultAddSourcesToCompileTask$addSources$1: loaded 2 times (x 79B)
Class org.jetbrains.kotlin.gradle.plugin.diagnostics.checkers.WasmSourceSetsNotFoundChecker$wasmSourceSetRegex$2: loaded 2 times (x 78B)
Class org.jetbrains.kotlin.gradle.plugin.mpp.compilationImpl.KotlinCompilationSideEffect: loaded 2 times (x 70B)
Class org.jetbrains.kotlin.gradle.plugin.KotlinGradlePluginExtensionPoint             : loaded 2 times (x 70B)
Class org.jetbrains.kotlin.tooling.core.ExtrasUtilsKt                                 : loaded 2 times (x 71B)
Class org.jetbrains.kotlin.buildtools.api.ExperimentalBuildToolsApi                   : loaded 2 times (x 70B)
Class org.jetbrains.kotlin.gradle.utils.ResourceUtilsKt                               : loaded 2 times (x 71B)
Class org.jetbrains.kotlin.gradle.plugin.KotlinPluginWrapperKt$kotlinPluginVersionFromResources$1: loaded 2 times (x 78B)
Class com.google.common.primitives.Ints                                               : loaded 2 times (x 71B)
Class com.google.common.collect.AbstractIterator                                      : loaded 2 times (x 82B)
Class kotlin.collections.ArraysKt__ArraysKt                                           : loaded 2 times (x 71B)
Class com.google.common.collect.FluentIterable$3                                      : loaded 2 times (x 81B)
Class org.jetbrains.kotlin.gradle.tasks.UsesKotlinJavaToolchain$DefaultImpls          : loaded 2 times (x 71B)
Class org.jetbrains.kotlin.build.report.metrics.BuildAttributeKind$Companion          : loaded 2 times (x 71B)
Class org.jetbrains.kotlin.gradle.plugin.mpp.KotlinTargetSoftwareComponentImplKt$KotlinTargetSoftwareComponent$1$1$1: loaded 2 times (x 75B)
Class org.jetbrains.kotlin.gradle.tasks.configuration.KaptGenerateStubsConfig$Companion$configureLibraries$1: loaded 2 times (x 79B)
Class org.jetbrains.kotlin.gradle.plugin.mpp.compilationImpl.KotlinCompilationSourceSetInclusion$DefaultAddSourcesToCompileTask$addSources$2: loaded 2 times (x 79B)
Class org.jetbrains.kotlin.gradle.tasks.AbstractKotlinCompile                         : loaded 2 times (x 453B)
Class org.jetbrains.kotlin.gradle.plugin.KotlinCompilationOutput                      : loaded 2 times (x 70B)
Class org.jetbrains.kotlin.gradle.plugin.diagnostics.CheckKotlinGradlePluginConfigurationErrorsKt$addDependsOnFromTasksThatShouldFailWhenErrorsReported$1: loaded 2 times (x 75B)
Class org.jetbrains.kotlin.gradle.plugin.diagnostics.KotlinToolingDiagnosticsSetupActionKt: loaded 2 times (x 71B)
Class org.jetbrains.kotlin.gradle.plugin.KotlinGradleBuildServices$Parameters$Inject  : loaded 2 times (x 106B)
Class org.jetbrains.kotlin.gradle.plugin.KotlinPluginWrapperKt$kotlinPluginVersionFromResources$1$1: loaded 2 times (x 71B)
Class com.google.common.math.MathPreconditions                                        : loaded 2 times (x 71B)
Class com.google.common.collect.Multiset                                              : loaded 2 times (x 70B)
Class com.google.common.collect.ArrayListMultimapGwtSerializationDependencies         : loaded 2 times (x 172B)
Class com.google.common.collect.ObjectArrays                                          : loaded 2 times (x 71B)
Class com.google.common.collect.AbstractIndexedListIterator                           : loaded 2 times (x 96B)
Class kotlin.collections.SetsKt__SetsJVMKt                                            : loaded 2 times (x 71B)
Class kotlin.Function                                                                 : loaded 2 times (x 70B)
Class build_u1pkbc37it2fjefnce2nehbs$_run_closure1$_closure3                          : loaded 2 times (x 139B)
Class org.jetbrains.kotlin.tooling.core.Extras$Entry                                  : loaded 2 times (x 72B)
Class org.jetbrains.kotlin.gradle.utils.WhenEvaluatedKt$whenEvaluated$3               : loaded 2 times (x 79B)
Class org.jetbrains.kotlin.gradle.internal.Kapt3GradleSubplugin$Kapt3SubpluginContext : loaded 2 times (x 72B)
Class org.jetbrains.kotlin.gradle.plugin.sources.InternalKotlinSourceSetKt            : loaded 2 times (x 71B)
Class org.jetbrains.kotlin.gradle.artifacts.KotlinTargetArtifact                      : loaded 2 times (x 70B)
Class org.jetbrains.kotlin.gradle.dsl.KotlinJvmCompilerOptionsDefault_Decorated       : loaded 2 times (x 165B)
Class org.jetbrains.kotlin.gradle.plugin.HasKotlinDependencies                        : loaded 2 times (x 70B)
Class org.jetbrains.kotlin.gradle.targets.native.toolchain.KotlinNativeBundleBuildService$Companion: loaded 2 times (x 71B)
Class org.jetbrains.kotlin.gradle.plugin.BuildEventsListenerRegistryHolder_Decorated  : loaded 2 times (x 119B)
Class org.jetbrains.kotlin.gradle.plugin.statistics.MetricContainer                   : loaded 2 times (x 72B)
Class org.jetbrains.kotlin.gradle.plugin.statistics.old.Pre232IdeaKotlinBuildStatsMXBean: loaded 2 times (x 70B)
Class org.jetbrains.kotlin.gradle.plugin.statistics.KotlinBuildStatsServicesRegistry  : loaded 2 times (x 78B)
Class org.jetbrains.kotlin.gradle.plugin.VariantImplementationFactoriesConfigurator   : loaded 2 times (x 76B)
Class com.google.common.collect.ImmutableMapEntrySet                                  : loaded 2 times (x 151B)
Class org.gradle.api.internal.classpath.Module                                        : loaded 2 times (x 70B)
Class kotlin.io.FileAlreadyExistsException                                            : loaded 2 times (x 82B)
Class org.jetbrains.kotlin.gradle.tasks.DefaultKotlinJavaToolchain$getToolsJarFromJvm$1$1: loaded 2 times (x 79B)
Class org.jetbrains.kotlin.gradle.tasks.KotlinCompile$ClasspathSnapshotProperties_Decorated: loaded 2 times (x 137B)
Class org.jetbrains.kotlin.gradle.internal.transforms.BuildToolsApiClasspathEntrySnapshotTransform$Parameters_Decorated: loaded 2 times (x 153B)
Class org.jetbrains.kotlin.gradle.plugin.mpp.compilationImpl.KotlinCompilationSourceSetInclusion$Companion$includedSourceSets$2: loaded 2 times (x 78B)
Class org.jetbrains.kotlin.gradle.utils.WhenEvaluatedKt$whenEvaluated$4               : loaded 2 times (x 75B)
Class org.jetbrains.kotlin.gradle.plugin.diagnostics.KotlinToolingDiagnosticsSetupActionKt$KotlinToolingDiagnosticsSetupAction$1$1: loaded 2 times (x 75B)
Class org.jetbrains.kotlin.gradle.targets.js.npm.NpmDirectoryDependencyWithExternalsExtension: loaded 2 times (x 70B)
Class org.jetbrains.kotlin.gradle.plugin.KotlinProjectSetupAction                     : loaded 2 times (x 70B)
Class org.jetbrains.kotlin.gradle.plugin.KotlinGradleFinishBuildHandler$Companion     : loaded 2 times (x 71B)
Class com.google.common.cache.Weigher                                                 : loaded 2 times (x 70B)
Class org.gradle.api.internal.classpath.UnknownModuleException                        : loaded 2 times (x 82B)
Class build_15t9uw2vyvgztp1dtf6rxpage$_run_closure1                                   : loaded 2 times (x 139B)
Class com.google.common.collect.AbstractMapBasedMultimap$WrappedNavigableSet          : loaded 2 times (x 280B)
Class org.jetbrains.kotlin.gradle.plugin.statistics.KotlinBuildStatisticsUtilsKt$collectAppliedPluginsStatistics$1: loaded 2 times (x 75B)
Class org.jetbrains.kotlin.gradle.plugin.mpp.InternalKotlinTargetComponentKt          : loaded 2 times (x 71B)
Class org.jetbrains.kotlin.gradle.plugin.mpp.InternalKotlinTarget$DefaultImpls        : loaded 2 times (x 71B)
Class org.jetbrains.kotlin.gradle.plugin.KotlinPluginLifecycleImpl$executeCurrentStageAndScheduleNext$3: loaded 2 times (x 75B)
Class org.jetbrains.kotlin.gradle.plugin.mpp.compilationImpl.KotlinCompilationRegisterInSourceSetsConfigurator$configure$1: loaded 2 times (x 79B)
Class org.jetbrains.kotlin.gradle.plugin.diagnostics.KotlinToolingDiagnosticsSetupActionKt$KotlinToolingDiagnosticsSetupAction$1$2: loaded 2 times (x 95B)
Class org.jetbrains.kotlin.gradle.targets.js.npm.NpmDependencyWithExternalsExtension  : loaded 2 times (x 70B)
Class org.jetbrains.kotlin.gradle.plugin.mpp.KotlinUsageContext                       : loaded 2 times (x 70B)
Class org.jetbrains.kotlin.gradle.plugin.KotlinTargetsContainer                       : loaded 2 times (x 70B)
Class org.jetbrains.kotlin.compilerRunner.GradleCliCommonizerKt                       : loaded 2 times (x 71B)
Class org.jetbrains.kotlin.gradle.utils.ConfigurationsKt                              : loaded 2 times (x 71B)
Class org.jetbrains.kotlin.gradle.plugin.StatisticsBuildFlowManager                   : loaded 2 times (x 72B)
Class org.jetbrains.kotlin.gradle.plugin.statistics.BuildFusService$Parameters        : loaded 2 times (x 70B)
Class org.jetbrains.kotlin.gradle.plugin.PluginWrappersKt                             : loaded 2 times (x 71B)
Class com.google.common.base.Stopwatch                                                : loaded 2 times (x 72B)
Class com.google.common.cache.LocalCache$Strength                                     : loaded 2 times (x 81B)
Class com.google.common.cache.Cache                                                   : loaded 2 times (x 70B)
Class com.google.gson.stream.JsonReader$1                                             : loaded 2 times (x 72B)
Class net.rubygrapefruit.platform.internal.Platform$FreeBSD64Bit                      : loaded 2 times (x 82B)
Class com.google.common.io.AppendableWriter                                           : loaded 2 times (x 100B)
Class com.google.common.io.Files$2                                                    : loaded 2 times (x 76B)
Class org.jetbrains.kotlin.gradle.plugin.mpp.InternalKotlinTargetKt                   : loaded 2 times (x 71B)
Class com.google.common.collect.AbstractMultimap$Entries                              : loaded 2 times (x 120B)
Class org.jetbrains.kotlin.gradle.plugin.diagnostics.KotlinToolingDiagnosticsSetupActionKt$KotlinToolingDiagnosticsSetupAction$1$3: loaded 2 times (x 75B)
Class org.jetbrains.kotlin.gradle.targets.js.dsl.KotlinTargetWithNodeJsDsl            : loaded 2 times (x 70B)
Class org.jetbrains.kotlin.gradle.plugin.sources.DefaultKotlinSourceSetKt$defaultSourceSetLanguageSettingsChecker$1: loaded 2 times (x 78B)
Class org.jetbrains.kotlin.gradle.plugin.sources.InternalKotlinSourceSet              : loaded 2 times (x 70B)
Class org.jetbrains.kotlin.gradle.plugin.KotlinJvmPlugin                              : loaded 2 times (x 80B)
Class org.jetbrains.kotlin.gradle.plugin.mpp.SyncLanguageSettingsWithKotlinExtensionSetupActionKt$SyncLanguageSettingsWithKotlinExtensionSetupAction$1: loaded 2 times (x 95B)
Class org.jetbrains.kotlin.gradle.dsl.KotlinGradlePluginPublicDsl                     : loaded 2 times (x 70B)
Class org.jetbrains.kotlin.statistics.BuildSessionLogger                              : loaded 2 times (x 77B)
Class org.jetbrains.kotlin.gradle.plugin.internal.ConfigurationCacheStartParameterAccessor: loaded 2 times (x 70B)
Class com.google.common.util.concurrent.AbstractFuture$Cancellation                   : loaded 2 times (x 72B)
Class com.google.common.collect.ImmutableMap$Builder                                  : loaded 2 times (x 82B)
Class com.google.common.base.NullnessCasts                                            : loaded 2 times (x 71B)
Class kotlin.io.ByteStreamsKt                                                         : loaded 2 times (x 71B)
Class net.rubygrapefruit.platform.internal.FunctionResult                             : loaded 2 times (x 77B)
Class com.google.common.collect.Maps$EntryFunction$1                                  : loaded 2 times (x 91B)
Class com.google.common.base.Present                                                  : loaded 2 times (x 81B)
Class com.google.common.collect.AbstractMapBasedMultimap$WrappedCollection$WrappedIterator: loaded 2 times (x 84B)
Class [Lorg.jetbrains.kotlin.gradle.plugin.statistics.plugins.ObservablePlugins;      : loaded 2 times (x 69B)
Class Build_gradle$3$2                                                                : loaded 2 times (x 78B)
Class org.jetbrains.kotlin.gradle.plugin.internal.BuildIdService$Companion$registerIfAbsent$1$1: loaded 2 times (x 75B)
Class org.jetbrains.kotlin.gradle.targets.js.dsl.KotlinWasmTargetDsl                  : loaded 2 times (x 70B)
Class org.jetbrains.kotlin.gradle.plugin.diagnostics.checkers.DisabledCinteropCommonizationInHmppProjectChecker$runChecks$1: loaded 2 times (x 88B)
Class org.jetbrains.kotlin.gradle.plugin.sources.ConsistencyCheck                     : loaded 2 times (x 72B)
Class org.jetbrains.kotlin.gradle.plugin.sources.DefaultKotlinSourceSetKt$defaultSourceSetLanguageSettingsChecker$2: loaded 2 times (x 78B)
Class org.jetbrains.kotlin.gradle.dsl.KotlinCommonToolOptions                         : loaded 2 times (x 70B)
Class org.jetbrains.kotlin.gradle.plugin.AbstractKotlinPlugin                         : loaded 2 times (x 79B)
Class org.jetbrains.kotlin.gradle.tasks.DefaultKotlinJavaToolchain$Companion$wireJvmTargetToJvm$1: loaded 2 times (x 75B)
Class org.jetbrains.kotlin.gradle.plugin.diagnostics.checkers.ComposePluginSuggestApplyChecker: loaded 2 times (x 74B)
Class org.jetbrains.kotlin.gradle.dsl.KotlinMultiplatformExtension                    : loaded 2 times (x 589B)
Class com.google.common.cache.RemovalListener                                         : loaded 2 times (x 70B)
Class org.gradle.api.internal.DefaultClassPathRegistry                                : loaded 2 times (x 76B)
Class build_1d300k7k8exzvzm6tzuwevccc                                                 : loaded 2 times (x 180B)
Class build_2t77cj9kkb0qoipjf0k7v3n1c$_run_closure1                                   : loaded 2 times (x 139B)
Class com.google.common.reflect.Invokable$ConstructorInvokable                        : loaded 2 times (x 107B)
Class net.rubygrapefruit.platform.internal.DefaultProcessLauncher                     : loaded 2 times (x 75B)
Class net.rubygrapefruit.platform.NativeIntegrationLinkageException                   : loaded 2 times (x 82B)
Class com.google.common.collect.ImmutableMultimap$Keys                                : loaded 2 times (x 166B)
Class com.google.common.collect.Maps$EntryFunction$2                                  : loaded 2 times (x 91B)
Class org.jetbrains.kotlin.gradle.plugin.mpp.KotlinTargetSoftwareComponentImplKt$KotlinTargetSoftwareComponent$1$1$configuration$1: loaded 2 times (x 79B)
Class org.jetbrains.kotlin.gradle.targets.js.npm.DefaultPeerNpmDependencyExtension$delegate$1: loaded 2 times (x 167B)
Class org.jetbrains.kotlin.gradle.targets.js.npm.NpmDependency                        : loaded 2 times (x 97B)
Class org.jetbrains.kotlin.gradle.targets.js.npm.DefaultNpmDependencyExtension        : loaded 2 times (x 152B)
Class org.jetbrains.kotlin.gradle.targets.js.npm.NpmDependency$Scope                  : loaded 2 times (x 79B)
Class org.jetbrains.kotlin.gradle.plugin.sources.FragmentConsistencyChecks$unstableFeaturesCheck$1: loaded 2 times (x 79B)
Class org.jetbrains.kotlin.gradle.plugin.sources.DefaultKotlinSourceSet               : loaded 2 times (x 143B)
Class org.jetbrains.kotlin.gradle.plugin.diagnostics.checkers.AndroidSourceSetLayoutV1SourceSetsNotFoundChecker: loaded 2 times (x 74B)
Class org.jetbrains.kotlin.gradle.utils.ConfigurationsKt$sam$org_gradle_api_Action$0  : loaded 2 times (x 75B)
Class org.jetbrains.kotlin.gradle.plugin.VariantImplementationFactories$Parameters    : loaded 2 times (x 70B)
Class com.google.common.primitives.IntsMethodsForWeb                                  : loaded 2 times (x 71B)
Class com.google.common.collect.Multimap                                              : loaded 2 times (x 70B)
Class org.gradle.api.internal.ClassPathRegistry                                       : loaded 2 times (x 70B)
Class org.gradle.internal.classpath.DefaultClassPath$ImmutableUniqueList              : loaded 2 times (x 199B)
Class kotlin.text.StringsKt__StringsJVMKt                                             : loaded 2 times (x 71B)
Class build_5cbr6upgv98al9rfehq4qmv0x$_run_closure1                                   : loaded 2 times (x 139B)
Class build_166qh1pnbh2pg536vu3nsncwu                                                 : loaded 2 times (x 180B)
Class com.google.common.reflect.TypeToken                                             : loaded 2 times (x 73B)
Class com.google.common.collect.NullnessCasts                                         : loaded 2 times (x 71B)
Class com.google.common.collect.MapMakerInternalMap$Segment                           : loaded 2 times (x 142B)
Class org.jetbrains.kotlin.gradle.plugin.internal.state.TaskLoggers                   : loaded 2 times (x 71B)
Class com.google.common.base.ExtraObjectsMethodsForWeb                                : loaded 2 times (x 71B)
Class org.jetbrains.kotlin.gradle.plugin.statistics.KotlinBuildStatisticsUtilsKt$collectGeneralConfigurationTimeMetrics$statisticOverhead$1$2: loaded 2 times (x 75B)
Class org.jetbrains.kotlin.gradle.plugin.KotlinCompilation$DefaultImpls               : loaded 2 times (x 71B)
Class org.jetbrains.kotlin.gradle.utils.ProviderApiUtilsKt$providerWithLazyConvention$1: loaded 2 times (x 74B)
Class org.jetbrains.kotlin.gradle.plugin.sources.FragmentConsistencyChecks$unstableFeaturesCheck$2: loaded 2 times (x 78B)
Class org.jetbrains.kotlin.gradle.plugin.KotlinPluginLifecycleImpl                    : loaded 2 times (x 80B)
Class org.jetbrains.kotlin.gradle.artifacts.KotlinNativeKlibArtifactKt$KotlinNativeKlibArtifact$1: loaded 2 times (x 74B)
Class org.jetbrains.kotlin.gradle.dsl.KotlinCommonCompilerOptionsDefault              : loaded 2 times (x 94B)
Class org.jetbrains.kotlin.gradle.dsl.KotlinCommonCompilerToolOptionsDefault          : loaded 2 times (x 82B)
Class org.jetbrains.kotlin.gradle.plugin.StatisticsBuildFlowManager_Decorated         : loaded 2 times (x 119B)
Class org.jetbrains.kotlin.gradle.report.BuildReportMode$Companion                    : loaded 2 times (x 71B)
Class org.jetbrains.kotlin.gradle.plugin.VariantImplementationFactories$VariantImplementationFactory: loaded 2 times (x 70B)
Class kotlin.collections.SetsKt                                                       : loaded 2 times (x 71B)
Class kotlin.text.StringsKt__IndentKt                                                 : loaded 2 times (x 71B)
Class com.google.common.base.PairwiseEquivalence                                      : loaded 2 times (x 83B)
Class com.google.common.cache.RemovalCause                                            : loaded 2 times (x 80B)
Class net.rubygrapefruit.platform.internal.jni.NativeLibraryFunctions                 : loaded 2 times (x 71B)
Class com.google.common.io.ByteSink                                                   : loaded 2 times (x 76B)
Class org.jetbrains.kotlin.gradle.plugin.mpp.ApplyUserDefinedAttributesKt$UserDefinedAttributesSetupAction$1$1: loaded 2 times (x 79B)
Class org.jetbrains.kotlin.compilerRunner.CompilerSystemPropertiesService             : loaded 2 times (x 80B)
Class org.jetbrains.kotlin.gradle.plugin.mpp.compilationImpl.KotlinCompilationImpl$1  : loaded 2 times (x 79B)
Class org.jetbrains.kotlin.gradle.targets.js.npm.SemVer$Companion                     : loaded 2 times (x 71B)
Class org.jetbrains.kotlin.gradle.targets.native.SetupEmbedAndSignAppleFrameworkTaskSideEffectKt$special$$inlined$KotlinTargetSideEffect$1: loaded 2 times (x 74B)
Class org.jetbrains.kotlin.gradle.plugin.mpp.KotlinUsages$KotlinCinteropCompatibility : loaded 2 times (x 77B)
Class org.jetbrains.kotlin.gradle.dsl.ExplicitApiMode                                 : loaded 2 times (x 79B)
Class org.jetbrains.kotlin.gradle.utils.GradleAttributesContainerUtilsKt              : loaded 2 times (x 71B)
Class org.jetbrains.kotlin.gradle.plugin.internal.CustomPropertiesFileValueSource$Parameters_Decorated: loaded 2 times (x 134B)
Class org.jetbrains.kotlin.gradle.plugin.VariantImplementationFactories$Companion     : loaded 2 times (x 71B)
Class org.jetbrains.kotlin.gradle.dsl.KotlinTopLevelExtensionConfig                   : loaded 2 times (x 70B)
Class com.google.common.cache.CacheBuilder                                            : loaded 2 times (x 72B)
Class com.google.common.collect.SingletonImmutableList                                : loaded 2 times (x 207B)
Class Settings_gradle$1                                                               : loaded 2 times (x 74B)
Class org.gradle.internal.classpath.ClassPath                                         : loaded 2 times (x 70B)
Class org.gradle.api.UncheckedIOException                                             : loaded 2 times (x 82B)
Class kotlin.sequences.SequencesKt__SequencesKt$asSequence$$inlined$Sequence$1        : loaded 2 times (x 75B)
Class com.google.common.collect.Interners$InternerBuilder                             : loaded 2 times (x 76B)
Class com.google.common.collect.AbstractMapBasedMultimap$WrappedSortedSet             : loaded 2 times (x 228B)
Class com.google.common.io.Files$FileByteSource                                       : loaded 2 times (x 85B)
Class org.jetbrains.kotlin.gradle.incremental.IncrementalModuleInfoProvider           : loaded 2 times (x 70B)
Class org.jetbrains.kotlin.gradle.plugin.mpp.compilationImpl.KotlinCompilationImpl$2  : loaded 2 times (x 79B)
Class org.jetbrains.kotlin.gradle.internal.UsesClassLoadersCachingBuildService        : loaded 2 times (x 70B)
Class org.jetbrains.kotlin.gradle.dsl.PlatformSourceSetConventionsChecker$runChecks$1 : loaded 2 times (x 88B)
Class org.jetbrains.kotlin.gradle.plugin.mpp.compilationImpl.KotlinCompilationProcessorSideEffectKt$KotlinCompilationProcessorSideEffect$1: loaded 2 times (x 74B)
Class org.jetbrains.kotlin.gradle.dsl.KotlinJvmCompilerOptionsDefault                 : loaded 2 times (x 104B)
Class com.google.common.collect.ImmutableList$ReverseImmutableList                    : loaded 2 times (x 208B)
Class com.google.common.base.JdkPattern                                               : loaded 2 times (x 75B)
Class kotlin.collections.MapsKt__MapsKt                                               : loaded 2 times (x 71B)
Class com.google.common.io.CharSource$CharSequenceCharSource                          : loaded 2 times (x 86B)
Class net.rubygrapefruit.platform.internal.Platform$Windows                           : loaded 2 times (x 79B)
Class com.google.common.io.CharStreams$NullWriter                                     : loaded 2 times (x 99B)
Class org.jetbrains.kotlin.compilerRunner.KotlinCompilerArgumentsLogLevel$Companion   : loaded 2 times (x 71B)
Class org.jetbrains.kotlin.gradle.plugin.DefaultKotlinBasePlugin$addKotlinCompilerConfiguration$3$1: loaded 2 times (x 79B)
Class org.jetbrains.kotlin.gradle.tasks.AbstractKotlinCompile$defaultKotlinJavaToolchain$1: loaded 2 times (x 78B)
Class org.jetbrains.kotlin.daemon.common.MultiModuleICSettings                        : loaded 2 times (x 72B)
Class org.jetbrains.kotlin.cli.common.arguments.Freezable                             : loaded 2 times (x 72B)
Class com.google.errorprone.annotations.DoNotMock                                     : loaded 2 times (x 70B)
Class org.jetbrains.kotlin.gradle.internal.transforms.BuildToolsApiClasspathEntrySnapshotTransform$Parameters: loaded 2 times (x 86B)
Class org.jetbrains.kotlin.gradle.plugin.KotlinCompilationInfoKt                      : loaded 2 times (x 71B)
Class org.jetbrains.kotlin.gradle.tasks.KotlinCompile                                 : loaded 2 times (x 498B)
Class org.jetbrains.kotlin.gradle.internal.StdlibDependencyManagementKt               : loaded 2 times (x 71B)
Class org.jetbrains.kotlin.gradle.utils.ObservableSet                                 : loaded 2 times (x 70B)
Class org.jetbrains.kotlin.gradle.plugin.diagnostics.KotlinToolingDiagnosticsCollectorKt: loaded 2 times (x 71B)
Class org.jetbrains.kotlin.gradle.plugin.mpp.HierarchyAttributeContainer              : loaded 2 times (x 83B)
Class org.jetbrains.kotlin.gradle.tasks.UsesKotlinJavaToolchain                       : loaded 2 times (x 70B)
Class org.jetbrains.kotlin.gradle.plugin.DefaultKotlinBasePlugin$apply$1              : loaded 2 times (x 75B)
Class org.jetbrains.kotlin.statistics.metrics.StringOverridePolicy$OVERRIDE           : loaded 2 times (x 85B)
Class org.objectweb.asm.SymbolTable$Entry                                             : loaded 2 times (x 74B)
Class com.google.common.util.concurrent.AbstractFuture$AtomicHelper                   : loaded 2 times (x 78B)
Class com.google.gson.internal.JsonReaderInternalAccess                               : loaded 2 times (x 72B)
Class org.jetbrains.kotlin.gradle.plugin.KotlinGradleBuildServices$Inject             : loaded 2 times (x 100B)
Class build_236pfft258fwhgj6fhg1fzlj1$_run_closure1                                   : loaded 2 times (x 139B)
Class Native_plugin_loader_gradle                                                     : loaded 2 times (x 130B)
Class org.jetbrains.kotlin.statistics.metrics.IMetricContainer                        : loaded 2 times (x 70B)
Class org.jetbrains.kotlin.gradle.plugin.mpp.KotlinTargetComponentWithCoordinatesAndPublication: loaded 2 times (x 70B)
Class org.jetbrains.kotlin.gradle.incremental.UsesIncrementalModuleInfoBuildService   : loaded 2 times (x 70B)
Class org.jetbrains.kotlin.gradle.dsl.PlatformSourceSetConventionsChecker$runChecks$3 : loaded 2 times (x 88B)
Class org.jetbrains.kotlin.gradle.plugin.RegisterKotlinPluginExtensionsKt             : loaded 2 times (x 71B)
Class org.jetbrains.kotlin.gradle.plugin.PropertiesProvider$Companion                 : loaded 2 times (x 71B)
Class org.jetbrains.kotlin.gradle.utils.SingleAction                                  : loaded 2 times (x 73B)
Class org.objectweb.asm.Edge                                                          : loaded 2 times (x 72B)
Class com.google.common.base.Suppliers$SupplierOfInstance                             : loaded 2 times (x 79B)
Class com.google.common.collect.Iterators$1                                           : loaded 2 times (x 81B)
Class kotlin.UninitializedPropertyAccessException                                     : loaded 2 times (x 82B)
Class com.google.common.reflect.TypeToken$1                                           : loaded 2 times (x 110B)
Class org.jetbrains.kotlin.gradle.tasks.KotlinCompile$defaultKotlinJavaToolchain$1    : loaded 2 times (x 79B)
Class org.jetbrains.kotlin.gradle.tasks.KotlinJavaToolchain$JavaToolchainSetter       : loaded 2 times (x 70B)
Class org.jetbrains.kotlin.gradle.plugin.diagnostics.UsesKotlinToolingDiagnostics     : loaded 2 times (x 70B)
Class org.jetbrains.kotlin.tooling.core.ExtrasPropertyKt$extrasLazyProperty$1         : loaded 2 times (x 94B)
Class org.jetbrains.kotlin.statistics.metrics.BooleanAnonymizationPolicy$SAFE         : loaded 2 times (x 85B)
Class com.google.common.cache.LocalCache$ComputingValueReference                      : loaded 2 times (x 96B)
Class com.google.common.collect.SingletonImmutableSet                                 : loaded 2 times (x 146B)
Class com.google.common.collect.ImmutableMap$IteratorBasedImmutableMap                : loaded 2 times (x 125B)
Class com.google.common.reflect.TypeToken$2                                           : loaded 2 times (x 110B)
Class com.google.common.collect.AbstractMapBasedMultimap$AsMap$AsMapEntries           : loaded 2 times (x 138B)
Class org.jetbrains.kotlin.gradle.plugin.mpp.compilationImpl.DefaultKotlinCompilationSourceSetsContainer$allKotlinSourceSetsImpl$1$1: loaded 2 times (x 125B)
Class org.jetbrains.kotlin.gradle.plugin.mpp.compilationImpl.DefaultKotlinCompilationSourceSetsContainer: loaded 2 times (x 78B)
Class org.jetbrains.kotlin.gradle.plugin.KotlinPluginLifecycle$Stage$Companion        : loaded 2 times (x 71B)
Class org.jetbrains.kotlin.gradle.plugin.diagnostics.checkers.DeprecatedKotlinNativeTargetsChecker: loaded 2 times (x 74B)
Class org.jetbrains.kotlin.gradle.targets.native.ConfigureFrameworkExportSideEffectKt$special$$inlined$KotlinTargetSideEffect$1: loaded 2 times (x 74B)
Class org.jetbrains.kotlin.gradle.utils.Completable$await$1                           : loaded 2 times (x 88B)
Class com.google.common.cache.LocalCache$Segment                                      : loaded 2 times (x 154B)
Class Native_plugin_loader_gradle$NativePluginLoader$Companion                        : loaded 2 times (x 71B)
Class [Lcom.google.common.base.Supplier;                                              : loaded 2 times (x 69B)
Class net.rubygrapefruit.platform.internal.LibraryDef                                 : loaded 2 times (x 72B)
Class org.jetbrains.kotlin.gradle.plugin.statistics.KotlinBuildStatsLoggerService$initSessionLogger$1: loaded 2 times (x 79B)
Class org.jetbrains.kotlin.build.report.metrics.BuildTimes                            : loaded 2 times (x 72B)
Class org.jetbrains.kotlin.gradle.tasks.KotlinCompile$ClasspathSnapshotProperties     : loaded 2 times (x 75B)
Class org.jetbrains.kotlin.gradle.internal.StdlibDependencyManagementKt$addStdlibDependency$1$1: loaded 2 times (x 79B)
Class org.jetbrains.kotlin.gradle.tasks.configuration.BaseKotlinCompileConfig$2$1     : loaded 2 times (x 75B)
Class org.jetbrains.kotlin.gradle.plugin.diagnostics.TransformActionUsingKotlinToolingDiagnostics: loaded 2 times (x 70B)
Class com.google.common.collect.SortedIterable                                        : loaded 2 times (x 70B)
Class org.jetbrains.kotlin.gradle.plugin.sources.DefaultKotlinSourceSet_Decorated     : loaded 2 times (x 194B)
Class org.jetbrains.kotlin.gradle.utils.GradleUtilsKt$registerClassLoaderScopedBuildService$1: loaded 2 times (x 74B)
Class org.jetbrains.kotlin.gradle.plugin.mpp.KotlinCompilationsKt                     : loaded 2 times (x 71B)
Class org.jetbrains.kotlin.statistics.metrics.StringOverridePolicy                    : loaded 2 times (x 85B)
Class org.jetbrains.kotlin.gradle.plugin.statistics.DefaultKotlinBuildStatsBeanService: loaded 2 times (x 92B)
Class [Lorg.objectweb.asm.SymbolTable$Entry;                                          : loaded 2 times (x 69B)
Class com.google.common.cache.CacheLoader                                             : loaded 2 times (x 74B)
Class com.google.common.collect.Iterators$4                                           : loaded 2 times (x 82B)
Class com.google.common.collect.ImmutableBiMap                                        : loaded 2 times (x 143B)
Class com.google.common.collect.AbstractListMultimap                                  : loaded 2 times (x 172B)
Class org.gradle.internal.installation.GradleInstallation$1                           : loaded 2 times (x 75B)
Class org.gradle.api.internal.classpath.ModuleRegistry                                : loaded 2 times (x 70B)
Class org.jetbrains.kotlin.gradle.plugin.KotlinPluginLifecycle$ProjectConfigurationResult: loaded 2 times (x 71B)
Class org.jetbrains.kotlin.gradle.internal.KotlinDependenciesManagementKt$configureDefaultVersionsResolutionStrategy$1: loaded 2 times (x 75B)
Class org.jetbrains.kotlin.gradle.internal.StdlibDependencyManagementKt$configureStdlibDefaultDependency$1: loaded 2 times (x 79B)
Class org.jetbrains.kotlin.gradle.model.builder.KotlinModelBuilder$Companion          : loaded 2 times (x 71B)
Class org.jetbrains.kotlin.gradle.plugin.mpp.compilationImpl.KotlinCreateResourcesTaskSideEffectKt: loaded 2 times (x 71B)
Class org.jetbrains.kotlin.gradle.targets.native.internal.SetupKotlinNativePlatformDependenciesAndStdlibKt: loaded 2 times (x 71B)
Class org.jetbrains.kotlin.gradle.plugin.mpp.KotlinUsages                             : loaded 2 times (x 71B)
Class [Lorg.jetbrains.kotlin.build.report.metrics.GradleBuildPerformanceMetric;       : loaded 2 times (x 69B)
Class org.jetbrains.kotlin.gradle.plugin.statistics.KotlinBuildStatsBeanService$Companion: loaded 2 times (x 71B)
Class org.jetbrains.kotlin.gradle.plugin.statistics.BuildFusService$Companion         : loaded 2 times (x 71B)
Class com.google.common.util.concurrent.internal.InternalFutureFailureAccess          : loaded 2 times (x 72B)
Class com.google.common.collect.Iterators$5                                           : loaded 2 times (x 82B)
Class com.google.common.collect.ImmutableSet$JdkBackedSetBuilderImpl                  : loaded 2 times (x 76B)
Class com.google.common.base.Splitter$SplittingIterator                               : loaded 2 times (x 84B)
Class org.jetbrains.kotlin.name.FqNameUnsafe                                          : loaded 2 times (x 72B)
Class com.google.common.collect.ImmutableSortedAsList                                 : loaded 2 times (x 220B)
Class com.google.common.collect.ImmutableMultimap$Values                              : loaded 2 times (x 126B)
Class com.google.common.collect.Iterators$6                                           : loaded 2 times (x 81B)
Class com.google.common.collect.HashBiMap$Inverse                                     : loaded 2 times (x 142B)
Class com.google.common.io.Closer$SuppressingSuppressor                               : loaded 2 times (x 75B)
Class org.jetbrains.kotlin.gradle.targets.js.ir.KotlinJsIrTarget                      : loaded 2 times (x 258B)
Class org.jetbrains.kotlin.gradle.plugin.HasCompilerOptions                           : loaded 2 times (x 70B)
Class org.jetbrains.kotlin.gradle.plugin.mpp.compilationImpl.DefaultKotlinCompilationFriendPathsResolver$FriendArtifactResolver: loaded 2 times (x 70B)
Class org.jetbrains.kotlin.gradle.plugin.mpp.DefaultKotlinUsageContext                : loaded 2 times (x 108B)
Class org.jetbrains.kotlin.gradle.plugin.KotlinPluginLifecycleImpl$start$3            : loaded 2 times (x 79B)
Class org.jetbrains.kotlin.gradle.plugin.KotlinMultiplatformPluginWrapper             : loaded 2 times (x 87B)
Class [Lorg.jetbrains.kotlin.statistics.metrics.BooleanMetrics;                       : loaded 2 times (x 69B)
Class com.google.common.util.concurrent.AbstractFuture$UnsafeAtomicHelper             : loaded 2 times (x 78B)
Class com.google.common.cache.LocalCache$LocalManualCache$1                           : loaded 2 times (x 75B)
Class com.google.common.base.CharMatcher$ForPredicate                                 : loaded 2 times (x 112B)
Class kotlin.io.FilesKt__UtilsKt                                                      : loaded 2 times (x 71B)
Class kotlin.collections.CollectionsKt__CollectionsJVMKt                              : loaded 2 times (x 71B)
Class build_u1pkbc37it2fjefnce2nehbs                                                  : loaded 2 times (x 180B)
Class net.rubygrapefruit.platform.internal.Platform$Window32Bit                       : loaded 2 times (x 79B)
Class com.google.common.collect.ImmutableSortedMap$1EntrySet                          : loaded 2 times (x 153B)
Class org.jetbrains.kotlin.gradle.plugin.mpp.compilationImpl.KotlinCompilationConfigurationsContainer: loaded 2 times (x 70B)
Class org.jetbrains.kotlin.gradle.internal.StdlibDependencyManagementKt$addStdlibDependency$1: loaded 2 times (x 75B)
Class [Lorg.jetbrains.kotlin.gradle.plugin.KotlinPluginLifecycle$CoroutineStart;      : loaded 2 times (x 69B)
Class org.jetbrains.kotlin.gradle.dsl.IosSourceSetConventionChecker                   : loaded 2 times (x 74B)
Class org.jetbrains.kotlin.gradle.plugin.diagnostics.KotlinGradleProjectChecker       : loaded 2 times (x 70B)
Class org.jetbrains.kotlin.gradle.dsl.KotlinMultiplatformSourceSetConventions         : loaded 2 times (x 70B)
Class org.jetbrains.kotlin.gradle.plugin.sources.KotlinSourceSetFactory$Companion     : loaded 2 times (x 71B)
Class org.jetbrains.kotlin.statistics.metrics.NumberOverridePolicy$SUM                : loaded 2 times (x 85B)
Class com.google.common.collect.ImmutableCollection                                   : loaded 2 times (x 125B)
Class com.google.common.base.CharMatcher$AnyOf                                        : loaded 2 times (x 112B)
Class org.gradle.api.internal.classpath.DefaultModuleRegistry                         : loaded 2 times (x 86B)
Class kotlin.sequences.SequencesKt                                                    : loaded 2 times (x 71B)
Class kotlin.collections.CollectionsKt__IteratorsKt                                   : loaded 2 times (x 71B)
Class kotlin.collections.CollectionsKt__ReversedViewsKt                               : loaded 2 times (x 71B)
Class org.jetbrains.kotlin.gradle.plugin.internal.state.TaskExecutionResults          : loaded 2 times (x 71B)
Class org.jetbrains.kotlin.gradle.plugin.statistics.BuildFusService$Parameters$Inject : loaded 2 times (x 110B)
Class org.jetbrains.kotlin.compilerRunner.KotlinCompilerArgumentsLogLevel             : loaded 2 times (x 79B)
Class org.jetbrains.kotlin.gradle.plugin.mpp.compilationImpl.factory.CompositePostConfigure: loaded 2 times (x 75B)
Class org.jetbrains.kotlin.gradle.targets.native.internal.CInteropConfigurationsKt    : loaded 2 times (x 71B)
Class org.jetbrains.kotlin.gradle.plugin.AndroidGradlePluginVersion$Companion         : loaded 2 times (x 71B)
Class org.jetbrains.kotlin.statistics.metrics.StatisticsValuesConsumer                : loaded 2 times (x 70B)
Class com.google.common.util.concurrent.ListenableFuture                              : loaded 2 times (x 70B)
Class com.google.common.cache.ReferenceEntry                                          : loaded 2 times (x 70B)
Class com.google.common.collect.ImmutableSet$CachingAsList                            : loaded 2 times (x 147B)
Class com.google.common.base.Converter                                                : loaded 2 times (x 90B)
Class com.google.common.collect.Lists                                                 : loaded 2 times (x 71B)
Class com.google.common.base.CharMatcher$Any                                          : loaded 2 times (x 112B)
Class kotlin.text.StringsKt                                                           : loaded 2 times (x 71B)
Class org.jetbrains.kotlin.gradle.plugin.DefaultKotlinBasePlugin$addKotlinCompilerConfiguration$2$1$1$1: loaded 2 times (x 75B)
Class org.jetbrains.kotlin.gradle.plugin.statistics.NonSynchronizedMetricsContainer   : loaded 2 times (x 77B)
Class org.jetbrains.kotlin.gradle.tasks.KotlinCompilerExecutionStrategy$Companion     : loaded 2 times (x 71B)
Class org.jetbrains.kotlin.gradle.plugin.CompilerPluginConfig                         : loaded 2 times (x 72B)
Class org.jetbrains.kotlin.gradle.model.builder.KotlinModelBuilder                    : loaded 2 times (x 76B)
Class [Lorg.jetbrains.kotlin.tooling.core.HasMutableExtras;                           : loaded 2 times (x 69B)
Class org.jetbrains.kotlin.gradle.plugin.diagnostics.checkers.GradleDeprecatedPropertyChecker: loaded 2 times (x 74B)
Class org.jetbrains.kotlin.gradle.artifacts.KotlinJsKlibArtifactKt$KotlinJsKlibArtifact$1: loaded 2 times (x 74B)
Class org.jetbrains.kotlin.gradle.targets.CreateTargetConfigurationsSideEffectKt      : loaded 2 times (x 71B)
Class org.jetbrains.kotlin.gradle.plugin.mpp.ApplyUserDefinedAttributesKt$UserDefinedAttributesSetupAction$1: loaded 2 times (x 95B)
Class org.jetbrains.kotlin.gradle.plugin.mpp.KotlinAndroidTarget                      : loaded 2 times (x 163B)
Class org.jetbrains.kotlin.gradle.plugin.DefaultKotlinBasePlugin$addKotlinCompilerConfiguration$1: loaded 2 times (x 75B)
Class org.jetbrains.kotlin.gradle.plugin.PropertiesProvider                           : loaded 2 times (x 72B)
Class org.jetbrains.kotlin.gradle.plugin.internal.DefaultCompatibilityConventionRegistrar: loaded 2 times (x 74B)
Class com.google.common.util.concurrent.AbstractFuture                                : loaded 2 times (x 106B)
Class com.google.common.base.FunctionalEquivalence                                    : loaded 2 times (x 83B)
Class com.google.common.collect.Iterators$9                                           : loaded 2 times (x 81B)
Class com.google.common.collect.AbstractMapBasedMultimap                              : loaded 2 times (x 139B)
Class com.google.common.collect.ImmutableAsList                                       : loaded 2 times (x 209B)
Class kotlin.LazyKt__LazyJVMKt                                                        : loaded 2 times (x 71B)
Class build_cnurxo8ipq0hjxkspu1ih4hh4$_run_closure1                                   : loaded 2 times (x 139B)
Class com.google.common.io.CharStreams                                                : loaded 2 times (x 71B)
Class com.google.common.collect.ImmutableMultiset                                     : loaded 2 times (x 163B)
Class [Lorg.jetbrains.kotlin.gradle.dsl.jvm.JvmTargetValidationMode;                  : loaded 2 times (x 69B)
Class org.jetbrains.kotlin.gradle.tasks.DefaultKotlinJavaToolchain$javaVersion$1      : loaded 2 times (x 74B)
Class org.jetbrains.kotlin.gradle.plugin.mpp.MppSourcesJarKt$sourcesJarTask$1         : loaded 2 times (x 95B)
Class org.jetbrains.kotlin.gradle.plugin.mpp.compilationImpl.factory.KotlinCompilationImplFactory$KotlinCompilationOutputFactory: loaded 2 times (x 70B)
Class org.jetbrains.kotlin.gradle.plugin.KotlinCompilationToRunnableFiles             : loaded 2 times (x 70B)
Class org.jetbrains.kotlin.gradle.tooling.BuildKotlinToolingMetadataTaskKt            : loaded 2 times (x 71B)
Class org.jetbrains.kotlin.gradle.plugin.ProjectLocalConfigurations$setupAttributesMatchingStrategy$1$1: loaded 2 times (x 74B)
Class org.jetbrains.kotlin.gradle.targets.native.toolchain.KotlinNativeBundleBuildService$Companion$registerIfAbsent$2$1$1: loaded 2 times (x 75B)
Class org.jetbrains.kotlin.statistics.BuildSessionLogger$Companion                    : loaded 2 times (x 71B)
Class org.objectweb.asm.RecordComponentVisitor                                        : loaded 2 times (x 77B)
Class com.google.common.cache.CacheLoader$SupplierToCacheLoader                       : loaded 2 times (x 75B)
Class kotlin.io.FilesKt__FileReadWriteKt                                              : loaded 2 times (x 71B)
Class kotlin.text.StringsKt__StringNumberConversionsKt                                : loaded 2 times (x 71B)
Class kotlin.sequences.SequencesKt__SequenceBuilderKt                                 : loaded 2 times (x 71B)
Class com.google.common.collect.UsingToStringOrdering                                 : loaded 2 times (x 114B)
Class org.jetbrains.kotlin.gradle.targets.js.npm.SemverKt                             : loaded 2 times (x 71B)
Class org.jetbrains.kotlin.gradle.internal.StdlibDependencyManagementKt$isStdlibAddedByUser$1: loaded 2 times (x 79B)
Class org.jetbrains.kotlin.gradle.plugin.mpp.KotlinCompilationsKt$sam$java_util_concurrent_Callable$0: loaded 2 times (x 75B)
Class org.jetbrains.kotlin.gradle.tasks.KotlinCompilerPluginData                      : loaded 2 times (x 72B)
Class org.jetbrains.kotlin.gradle.plugin.mpp.MppSourcesJarKt                          : loaded 2 times (x 71B)
Class org.jetbrains.kotlin.compilerRunner.CompilerSystemPropertiesService$Companion$registerIfAbsent$2$1$1: loaded 2 times (x 75B)
Class org.jetbrains.kotlin.gradle.plugin.KotlinCompilationInfo                        : loaded 2 times (x 88B)
Class org.jetbrains.kotlin.gradle.tasks.BaseKotlinCompile                             : loaded 2 times (x 70B)
Class org.jetbrains.kotlin.gradle.plugin.internal.UsesBuildIdProviderService          : loaded 2 times (x 70B)
Class org.jetbrains.kotlin.gradle.plugin.mpp.compilationImpl.KotlinCompilationSourceSetInclusion$include$1: loaded 2 times (x 79B)
Class org.jetbrains.kotlin.gradle.plugin.mpp.compilationImpl.factory.KotlinCompilationImplFactory$KotlinCompilationDependencyConfigurationsFactory: loaded 2 times (x 70B)
Class org.jetbrains.kotlin.gradle.internal.IdeaKt                                     : loaded 2 times (x 71B)
Class org.jetbrains.kotlin.gradle.plugin.KotlinPluginLifecycleCoroutineContextElement$Key: loaded 2 times (x 71B)
Class org.jetbrains.kotlin.gradle.plugin.diagnostics.KotlinToolingDiagnosticsSetupActionKt$KotlinToolingDiagnosticsSetupAction$1: loaded 2 times (x 74B)
Class org.jetbrains.kotlin.tooling.core.ExtrasPropertyKt                              : loaded 2 times (x 71B)
Class org.jetbrains.kotlin.gradle.dsl.KotlinProjectExtensionKt                        : loaded 2 times (x 71B)
Class org.jetbrains.kotlin.gradle.plugin.KotlinGradleBuildServices$Parameters_Decorated: loaded 2 times (x 134B)
Class org.jetbrains.kotlin.gradle.plugin.DefaultKotlinBasePlugin$addKotlinCompilerConfiguration$3: loaded 2 times (x 75B)
Class [Lorg.jetbrains.kotlin.statistics.metrics.IMetricContainerFactory;              : loaded 2 times (x 69B)
Class com.google.common.collect.Maps$EntryTransformer                                 : loaded 2 times (x 70B)
Class org.gradle.internal.service.ServiceLookupException                              : loaded 2 times (x 82B)
Class build_109ts7kkllqp01y9r867ancus                                                 : loaded 2 times (x 180B)
Class org.jetbrains.kotlin.gradle.internal.StdlibDependencyManagementKt$isStdlibAddedByUser$2: loaded 2 times (x 78B)
Class org.jetbrains.kotlin.gradle.tasks.GradleCompileTaskProvider_Decorated           : loaded 2 times (x 121B)
Class org.jetbrains.kotlin.gradle.plugin.hierarchy.KotlinSourceSetTreeClassifierKt$sourceSetTreeClassifier$2: loaded 2 times (x 78B)
Class com.google.common.collect.Lists$ReverseList                                     : loaded 2 times (x 200B)
Class com.google.common.collect.ImmutableSortedSet                                    : loaded 2 times (x 299B)
Class org.jetbrains.kotlin.gradle.targets.js.npm.NpmDirectoryDependencyExtension      : loaded 2 times (x 70B)
Class org.jetbrains.kotlin.gradle.plugin.mpp.KotlinUsageContext$MavenScope            : loaded 2 times (x 79B)
Class org.jetbrains.kotlin.gradle.targets.native.KotilnNativeConfigureBinariesSideEffectKt$special$$inlined$KotlinTargetSideEffect$1: loaded 2 times (x 74B)
Class org.jetbrains.kotlin.gradle.plugin.KotlinProjectSetupAction$Companion           : loaded 2 times (x 71B)
Class [Lcom.google.common.cache.LocalCache$EntryFactory;                              : loaded 2 times (x 69B)
Class com.google.common.base.CharMatcher$JavaLetter                                   : loaded 2 times (x 111B)
Class org.gradle.internal.classloader.ClassLoaderFactory                              : loaded 2 times (x 70B)
Class net.rubygrapefruit.platform.internal.Platform$Linux                             : loaded 2 times (x 83B)
Class com.google.common.collect.AbstractSortedKeySortedSetMultimap                    : loaded 2 times (x 219B)
Class org.jetbrains.kotlin.gradle.tasks.DefaultKotlinJavaToolchain$currentJvmJdkToolsJar$1: loaded 2 times (x 74B)
Class org.jetbrains.kotlin.gradle.plugin.SubpluginEnvironment                         : loaded 2 times (x 72B)
Class org.jetbrains.kotlin.gradle.internal.StdlibDependencyManagementKt$addStdlibDependency$1$1$1: loaded 2 times (x 75B)
Class org.jetbrains.kotlin.gradle.plugin.sources.AbstractKotlinSourceSet              : loaded 2 times (x 143B)
Class org.jetbrains.kotlin.gradle.tooling.BuildKotlinToolingMetadataTaskKt$RegisterBuildKotlinToolingMetadataTask$1: loaded 2 times (x 74B)
Class org.jetbrains.kotlin.compilerRunner.GradleCliCommonizerKt$maybeCreateCommonizerClasspathConfiguration$1$1: loaded 2 times (x 75B)
Class [Lorg.jetbrains.kotlin.build.report.metrics.ValueType;                          : loaded 2 times (x 69B)
Class com.google.common.cache.LocalCache$LocalManualCache                             : loaded 2 times (x 99B)
Class com.google.common.base.CharMatcher$IsNot                                        : loaded 2 times (x 111B)
Class com.google.common.base.CommonPattern                                            : loaded 2 times (x 74B)
Class org.gradle.internal.service.CachingServiceLocator                               : loaded 2 times (x 82B)
Class org.jetbrains.kotlin.gradle.dsl.jvm.JvmTargetValidationMode                     : loaded 2 times (x 79B)
Class org.jetbrains.kotlin.gradle.plugin.KotlinTargetConfiguratorKt$WhenMappings      : loaded 2 times (x 71B)
Class com.google.common.collect.AbstractMapBasedMultimap$KeySet                       : loaded 2 times (x 137B)
Class com.google.common.collect.RegularImmutableSortedSet                             : loaded 2 times (x 299B)
Class org.jetbrains.kotlin.gradle.internal.KotlinTestDependencyManagementKt$configureKotlinTestDependency$1: loaded 2 times (x 79B)
Class org.jetbrains.kotlin.gradle.plugin.diagnostics.checkers.OverriddenKotlinNativeHomeChecker$StdlibExistenceCheckerValueSource$Params_Decorated: loaded 2 times (x 134B)
Class org.jetbrains.kotlin.project.model.LanguageSettings                             : loaded 2 times (x 70B)
Class org.jetbrains.kotlin.gradle.plugin.KotlinPluginLifecycleKt$kotlinPluginLifecycle$2: loaded 2 times (x 78B)
Class org.jetbrains.kotlin.gradle.plugin.statistics.BuildFusService$Companion$registerIfAbsent$1$1: loaded 2 times (x 79B)
Class org.jetbrains.kotlin.gradle.plugin.internal.CompatibilityConventionRegistrar$Factory: loaded 2 times (x 70B)
Class com.google.common.math.IntMath                                                  : loaded 2 times (x 71B)
Class kotlin.sequences.FilteringSequence$iterator$1                                   : loaded 2 times (x 79B)
Class com.google.common.collect.MapMakerInternalMap$InternalEntry                     : loaded 2 times (x 70B)
Class [Lcom.google.common.collect.HashBiMap$BiEntry;                                  : loaded 2 times (x 69B)
Class org.jetbrains.kotlin.gradle.plugin.mpp.KotlinMetadataTarget                     : loaded 2 times (x 165B)
Class org.jetbrains.kotlin.gradle.plugin.mpp.InternalKotlinCompilation$DefaultImpls   : loaded 2 times (x 71B)
Class org.jetbrains.kotlin.gradle.plugin.mpp.compilationImpl.KotlinCompilationSourceSetInclusion$DefaultAddSourcesToCompileTask: loaded 2 times (x 74B)
Class org.jetbrains.kotlin.gradle.internal.KotlinTestDependencyManagementKt$configureKotlinTestDependency$2: loaded 2 times (x 75B)
Class [Lorg.jetbrains.kotlin.gradle.plugin.KotlinPluginLifecycle$Stage;               : loaded 2 times (x 69B)
Class org.jetbrains.kotlin.gradle.artifacts.KotlinTargetArtifact$Companion            : loaded 2 times (x 71B)
Class org.jetbrains.kotlin.gradle.plugin.mpp.compilationImpl.KotlinCreateLifecycleTasksSideEffectKt$KotlinCreateLifecycleTasksSideEffect$1: loaded 2 times (x 74B)
Class org.jetbrains.kotlin.gradle.dsl.KotlinGradlePluginDsl                           : loaded 2 times (x 70B)
Class org.jetbrains.kotlin.tooling.core.MutableExtras                                 : loaded 2 times (x 70B)
Class org.jetbrains.kotlin.gradle.plugin.KotlinGradleBuildServices$detectKotlinPluginLoadedInMultipleProjects$onRegister$1: loaded 2 times (x 79B)
Class org.objectweb.asm.commons.InstructionAdapter                                    : loaded 2 times (x 188B)
Class com.google.common.collect.Iterators$10                                          : loaded 2 times (x 81B)
Class com.google.common.collect.ImmutableMapEntry                                     : loaded 2 times (x 85B)
Class com.google.common.base.CharMatcher$JavaDigit                                    : loaded 2 times (x 111B)
Class org.jetbrains.kotlin.name.FqName                                                : loaded 2 times (x 72B)
Class kotlin.enums.EnumEntries                                                        : loaded 2 times (x 70B)
Class org.jetbrains.kotlin.build.report.metrics.DoNothingBuildMetricsReporter         : loaded 2 times (x 86B)
Class build_15t9uw2vyvgztp1dtf6rxpage                                                 : loaded 2 times (x 181B)
Class com.google.common.collect.ImmutableMultimap                                     : loaded 2 times (x 147B)
Class com.google.common.base.Predicates                                               : loaded 2 times (x 71B)
Class org.jetbrains.kotlin.gradle.plugin.diagnostics.CheckKotlinGradlePluginConfigurationErrorsKt$locateOrRegisterCheckKotlinGradlePluginErrorsTask$taskProvider$1$2: loaded 2 times (x 74B)
Class org.jetbrains.kotlin.gradle.tasks.CompileUsingKotlinDaemon                      : loaded 2 times (x 70B)
Class org.jetbrains.kotlin.gradle.plugin.mpp.KotlinWithJavaTarget                     : loaded 2 times (x 164B)
Class org.jetbrains.kotlin.gradle.plugin.mpp.compilationImpl.KotlinCreateNativeCompileTasksSideEffectKt$special$$inlined$KotlinCompilationSideEffect$1: loaded 2 times (x 74B)
Class org.jetbrains.kotlin.gradle.targets.KotlinTargetSideEffect$Companion            : loaded 2 times (x 71B)
Class org.jetbrains.kotlin.gradle.dsl.KotlinSingleJavaTargetExtension                 : loaded 2 times (x 100B)
Class org.jetbrains.kotlin.gradle.utils.StoredPropertyKt$extrasStoredProperty$1       : loaded 2 times (x 78B)
Class org.jetbrains.kotlin.gradle.plugin.KotlinPluginLifecycle$IllegalLifecycleException: loaded 2 times (x 82B)
Class org.jetbrains.kotlin.gradle.plugin.KotlinGradleFinishBuildHandler               : loaded 2 times (x 72B)
Class [Lorg.jetbrains.kotlin.build.report.metrics.BuildPerformanceMetric;             : loaded 2 times (x 69B)
Class org.jetbrains.kotlin.statistics.metrics.StringOverridePolicy$CONCAT             : loaded 2 times (x 85B)
Class org.jetbrains.kotlin.gradle.dsl.KotlinTopLevelExtension                         : loaded 2 times (x 86B)
Class com.google.common.base.Equivalence                                              : loaded 2 times (x 82B)
Class com.google.common.collect.ImmutableMapEntry$NonTerminalImmutableMapEntry        : loaded 2 times (x 85B)
Class com.google.common.base.Function                                                 : loaded 2 times (x 70B)
Class org.jetbrains.kotlin.name.ClassId$Companion                                     : loaded 2 times (x 71B)
Class com.google.common.collect.IndexedImmutableSet$1                                 : loaded 2 times (x 212B)
Class org.jetbrains.kotlin.gradle.plugin.mpp.KotlinTargetWithBinaries                 : loaded 2 times (x 161B)
Class org.jetbrains.kotlin.gradle.plugin.ProjectLocalConfigurationsKt                 : loaded 2 times (x 71B)
Class org.jetbrains.kotlin.gradle.plugin.mpp.compilationImpl.factory.KotlinCompilationImplFactory: loaded 2 times (x 72B)
Class org.jetbrains.kotlin.gradle.internal.KotlinDomApiDependencyManagementKt$addKotlinDomApiDependency$1: loaded 2 times (x 75B)
Class org.jetbrains.kotlin.gradle.plugin.diagnostics.checkers.KotlinTargetAlreadyDeclaredChecker$runChecks$1: loaded 2 times (x 88B)
Class [Lorg.jetbrains.kotlin.gradle.plugin.KotlinSourceSet;                           : loaded 2 times (x 69B)
Class org.jetbrains.kotlin.gradle.utils.StoredLazyProperty$getValue$1                 : loaded 2 times (x 79B)
Class org.jetbrains.kotlin.gradle.plugin.PropertiesProvider$localProperties$2         : loaded 2 times (x 79B)
Class org.jetbrains.kotlin.statistics.metrics.IMetricContainerFactory                 : loaded 2 times (x 70B)
Class org.jetbrains.kotlin.statistics.MetricValueValidationFailed                     : loaded 2 times (x 82B)
Class com.google.common.cache.CacheBuilder$OneWeigher                                 : loaded 2 times (x 82B)
Class com.google.common.collect.RegularImmutableList                                  : loaded 2 times (x 212B)
Class org.jetbrains.kotlin.compilerRunner.CompilerSystemPropertiesService$Companion   : loaded 2 times (x 71B)
Class kotlin.io.FilesKt__FileTreeWalkKt                                               : loaded 2 times (x 71B)
Class net.rubygrapefruit.platform.internal.Platform$Unsupported                       : loaded 2 times (x 79B)
Class net.rubygrapefruit.platform.internal.Platform$FreeBSD32Bit                      : loaded 2 times (x 82B)
Class com.google.common.collect.ImmutableSortedMap                                    : loaded 2 times (x 217B)
Class com.google.common.collect.Maps$EntryFunction                                    : loaded 2 times (x 91B)
Class com.google.common.collect.TreeMultimap                                          : loaded 2 times (x 228B)
Class org.jetbrains.kotlin.build.report.metrics.BuildMetricsReporterImpl              : loaded 2 times (x 98B)
Class org.jetbrains.kotlin.gradle.tasks.configuration.KaptGenerateStubsConfig         : loaded 2 times (x 72B)
Class org.jetbrains.kotlin.gradle.targets.js.npm.SemVer                               : loaded 2 times (x 75B)
Class org.jetbrains.kotlin.gradle.utils.WhenPluginEnabledKt$whenPluginsEnabled$1      : loaded 2 times (x 75B)
Class org.jetbrains.kotlin.gradle.tasks.AbstractKotlinCompileTool                     : loaded 2 times (x 366B)
Class [Lorg.jetbrains.kotlin.gradle.report.BuildReportType;                           : loaded 2 times (x 69B)
Class org.jetbrains.kotlin.gradle.plugin.statistics.KotlinBuildStatsConfiguration     : loaded 2 times (x 72B)
Class com.google.common.collect.ImmutableBiMapFauxverideShim                          : loaded 2 times (x 120B)
Class org.gradle.internal.classloader.ClasspathUtil                                   : loaded 2 times (x 71B)
Class kotlin.io.FileSystemException                                                   : loaded 2 times (x 82B)
Class net.rubygrapefruit.platform.internal.Platform$Unix                              : loaded 2 times (x 82B)
Class com.google.common.collect.ComparisonChain                                       : loaded 2 times (x 80B)
Class org.jetbrains.kotlin.gradle.dsl.KotlinCompile                                   : loaded 2 times (x 70B)
Class org.jetbrains.kotlin.gradle.plugin.mpp.compilationImpl.DefaultKotlinCompilationFriendPathsResolver$DefaultFriendArtifactResolver: loaded 2 times (x 74B)
Class org.jetbrains.kotlin.gradle.plugin.diagnostics.checkers.InternalGradlePropertiesUsageChecker$runChecks$1: loaded 2 times (x 88B)
Class org.jetbrains.kotlin.gradle.utils.StringUtilsKt$lowerCamelCaseName$1            : loaded 2 times (x 125B)
Class org.jetbrains.kotlin.gradle.dsl.JvmTarget$Companion                             : loaded 2 times (x 71B)
Class org.jetbrains.kotlin.gradle.plugin.internal.DefaultConfigurationCacheStartParameterAccessor_Decorated: loaded 2 times (x 125B)
Class org.jetbrains.kotlin.gradle.plugin.internal.DefaultConfigurationCacheStartParameterAccessor: loaded 2 times (x 77B)
Class org.jetbrains.kotlin.tooling.core.HasExtras                                     : loaded 2 times (x 70B)
Class com.google.common.base.Charsets                                                 : loaded 2 times (x 71B)
Class com.google.common.util.concurrent.Uninterruptibles                              : loaded 2 times (x 71B)
Class com.google.common.io.CharSource                                                 : loaded 2 times (x 85B)
Class org.jetbrains.kotlin.gradle.plugin.KotlinCompilationInfo$TCS$friendPaths$1      : loaded 2 times (x 79B)
Class org.jetbrains.kotlin.gradle.plugin.sources.DefaultLanguageSettingsBuilder$freeCompilerArgsProvider$1: loaded 2 times (x 95B)
Class org.jetbrains.kotlin.gradle.targets.js.npm.DevNpmDependencyExtension            : loaded 2 times (x 70B)
Class org.jetbrains.kotlin.gradle.plugin.diagnostics.checkers.PreHmppDependenciesUsageChecker: loaded 2 times (x 74B)
Class org.jetbrains.kotlin.gradle.targets.CreateArtifactsSideEffectKt                 : loaded 2 times (x 71B)
Class org.jetbrains.kotlin.gradle.plugin.AbstractKotlinMultiplatformPluginWrapper     : loaded 2 times (x 87B)
Class org.jetbrains.kotlin.gradle.utils.GradleConfigurationUtilsKt$addGradlePluginMetadataAttributes$1: loaded 2 times (x 75B)
Class org.jetbrains.kotlin.gradle.plugin.internal.DefaultProjectIsolationStartParameterAccessor: loaded 2 times (x 77B)
Class com.google.common.collect.Maps                                                  : loaded 2 times (x 71B)
Class com.google.common.base.CharMatcher$JavaUpperCase                                : loaded 2 times (x 111B)
Class org.gradle.api.specs.Spec                                                       : loaded 2 times (x 70B)
Class org.jetbrains.kotlin.name.Name                                                  : loaded 2 times (x 75B)
Class com.google.common.collect.MapMaker                                              : loaded 2 times (x 72B)
Class com.google.common.collect.AbstractSortedSetMultimap                             : loaded 2 times (x 214B)
Class org.jetbrains.kotlin.gradle.tasks.KotlinCompile$disableMultiModuleIC$2          : loaded 2 times (x 79B)
Class org.jetbrains.kotlin.gradle.tasks.GradleCompileTaskProviderKt                   : loaded 2 times (x 71B)
Class org.jetbrains.kotlin.gradle.plugin.SubpluginEnvironment$Companion               : loaded 2 times (x 71B)
Class org.jetbrains.kotlin.gradle.plugin.mpp.ApplyUserDefinedAttributesKt$UserDefinedAttributesSetupAction$1$1$3: loaded 2 times (x 75B)
Class org.jetbrains.kotlin.gradle.tasks.configuration.BaseKotlinCompileConfig$Companion: loaded 2 times (x 71B)
Class org.jetbrains.kotlin.gradle.plugin.mpp.compilationImpl.KotlinCompilationImpl$Params: loaded 2 times (x 72B)
Class org.jetbrains.kotlin.gradle.tooling.BuildKotlinToolingMetadataTask              : loaded 2 times (x 317B)
Class org.jetbrains.kotlin.gradle.plugin.internal.CompatibilityConventionRegistrarKt  : loaded 2 times (x 71B)
Class org.jetbrains.kotlin.gradle.artifacts.KotlinJvmJarArtifactKt                    : loaded 2 times (x 71B)
Class org.jetbrains.kotlin.gradle.plugin.mpp.compilationImpl.CreateCInteropTasksSideEffectKt$special$$inlined$KotlinCompilationSideEffect$1: loaded 2 times (x 74B)
Class org.jetbrains.kotlin.gradle.targets.native.toolchain.KotlinNativeBundleBuildService$Companion$registerIfAbsent$2$1: loaded 2 times (x 79B)
Class org.jetbrains.kotlin.build.report.metrics.GradleBuildPerformanceMetric$Companion: loaded 2 times (x 71B)
Class org.jetbrains.kotlin.gradle.plugin.statistics.KotlinBuildStatsBeanService       : loaded 2 times (x 87B)
Class [Lcom.google.common.collect.ImmutableEntry;                                     : loaded 2 times (x 69B)
Class org.jetbrains.kotlin.gradle.plugin.statistics.DaemonReuseCounter                : loaded 2 times (x 76B)
Class com.google.common.collect.Sets$3$1                                              : loaded 2 times (x 82B)
Class org.jetbrains.kotlin.gradle.tasks.configuration.AbstractKotlinCompileConfig$1$1 : loaded 2 times (x 74B)
Class org.jetbrains.kotlin.gradle.tasks.KotlinCompile$kotlinOptions$1                 : loaded 2 times (x 79B)
Class org.jetbrains.kotlin.gradle.utils.StringUtilsKt                                 : loaded 2 times (x 71B)
Class org.jetbrains.kotlin.gradle.targets.ConfigureBuildSideEffectKt$ConfigureBuildSideEffect$1: loaded 2 times (x 74B)
Class org.jetbrains.kotlin.tooling.core.ExtrasLazyProperty                            : loaded 2 times (x 70B)
Class org.jetbrains.kotlin.gradle.utils.CompletableFuture                             : loaded 2 times (x 70B)
Class org.jetbrains.kotlin.build.report.metrics.BuildPerformanceMetric                : loaded 2 times (x 70B)
Class [Lorg.jetbrains.kotlin.statistics.metrics.StringOverridePolicy;                 : loaded 2 times (x 69B)
Class com.google.common.cache.LocalCache$LoadingValueReference                        : loaded 2 times (x 96B)
Class kotlin.SynchronizedLazyImpl                                                     : loaded 2 times (x 76B)
Class kotlin.text.StringsKt__RegexExtensionsKt                                        : loaded 2 times (x 71B)
Class org.jetbrains.kotlin.statistics.AnonymizerUtilsKt                               : loaded 2 times (x 71B)
Class com.google.common.reflect.Invokable$MethodInvokable                             : loaded 2 times (x 107B)
Class com.google.common.io.LineReader$1                                               : loaded 2 times (x 75B)
Class com.google.common.collect.MapMakerInternalMap$StrongKeyDummyValueEntry          : loaded 2 times (x 82B)
Class com.google.common.collect.CollectSpliterators                                   : loaded 2 times (x 71B)
Class com.google.common.collect.AbstractMapBasedMultimap$AsMap                        : loaded 2 times (x 128B)
Class org.jetbrains.kotlin.gradle.tasks.configuration.AbstractKotlinCompileConfig$getClasspathSnapshotDir$1: loaded 2 times (x 74B)
Class org.jetbrains.kotlin.gradle.tasks.configuration.AbstractKotlinCompileConfig$1$2 : loaded 2 times (x 74B)
Class com.google.common.base.Platform                                                 : loaded 2 times (x 71B)
Class com.google.common.collect.Multimaps$Entries                                     : loaded 2 times (x 118B)
Class org.jetbrains.kotlin.gradle.plugin.diagnostics.checkers.OverriddenKotlinNativeHomeChecker$StdlibExistenceCheckerValueSource$Params$Inject: loaded 2 times (x 106B)
Class org.jetbrains.kotlin.gradle.plugin.diagnostics.checkers.CommonMainOrTestWithDependsOnChecker: loaded 2 times (x 74B)
Class org.jetbrains.kotlin.gradle.artifacts.KotlinNativeHostSpecificMetadataArtifactKt: loaded 2 times (x 71B)
Class org.jetbrains.kotlin.gradle.plugin.mpp.compilationImpl.KotlinCreateLifecycleTasksSideEffectKt: loaded 2 times (x 71B)
Class org.jetbrains.kotlin.gradle.plugin.KotlinTarget                                 : loaded 2 times (x 70B)
Class org.jetbrains.kotlin.gradle.utils.ConfigurationsKt$createResolvable$1           : loaded 2 times (x 78B)
Class [Lorg.jetbrains.kotlin.statistics.metrics.BooleanAnonymizationPolicy;           : loaded 2 times (x 69B)
Class kotlin.sequences.SequencesKt__SequencesJVMKt                                    : loaded 2 times (x 71B)
Class kotlin.collections.AbstractList                                                 : loaded 2 times (x 197B)
Class kotlin.collections.AbstractCollection                                           : loaded 2 times (x 117B)
Class com.google.common.io.LineReader                                                 : loaded 2 times (x 72B)
Class com.google.common.collect.CompoundOrdering                                      : loaded 2 times (x 115B)
Class com.google.common.collect.AbstractMapBasedMultimap$WrappedList                  : loaded 2 times (x 205B)
Class org.jetbrains.kotlin.gradle.internal.KotlinDependenciesManagementKt$allNonProjectDependencies$1: loaded 2 times (x 74B)
Class [Lorg.jetbrains.kotlin.build.report.metrics.BuildAttributeKind;                 : loaded 2 times (x 69B)
Class org.jetbrains.kotlin.gradle.tasks.K2MultiplatformStructure                      : loaded 2 times (x 74B)
Class org.jetbrains.kotlin.compilerRunner.CompilerSystemPropertiesService$Parameters  : loaded 2 times (x 70B)
Class org.jetbrains.kotlin.gradle.plugin.mpp.compilationImpl.KotlinCompilationSourceSetsContainer: loaded 2 times (x 70B)
Class org.jetbrains.kotlin.gradle.artifacts.KotlinNativeKlibArtifactKt                : loaded 2 times (x 71B)
Class org.jetbrains.kotlin.gradle.plugin.ProjectLocalConfigurations                   : loaded 2 times (x 71B)
Class org.jetbrains.kotlin.gradle.plugin.mpp.KotlinUsages$KotlinUsagesDisambiguation  : loaded 2 times (x 76B)
Class org.jetbrains.kotlin.tooling.core.Extras$Key$Companion                          : loaded 2 times (x 71B)
Class org.jetbrains.kotlin.tooling.core.Extras$Key                                    : loaded 2 times (x 72B)
Class [Lorg.objectweb.asm.AnnotationWriter;                                           : loaded 2 times (x 69B)
Class com.google.common.primitives.Ints$IntConverter                                  : loaded 2 times (x 90B)
Class com.google.common.collect.Maps$8                                                : loaded 2 times (x 82B)
Class kotlin.LazyKt__LazyKt                                                           : loaded 2 times (x 71B)
Class kotlin.text.StringsKt__StringBuilderJVMKt                                       : loaded 2 times (x 71B)
Class org.gradle.internal.classloader.FilteringClassLoader                            : loaded 2 times (x 105B)
Class build_3z3jmm1now0dvzxcwwh82ynag$_run_closure1                                   : loaded 2 times (x 139B)
Class com.google.common.base.Predicates$CompositionPredicate                          : loaded 2 times (x 88B)
Class org.jetbrains.kotlin.gradle.tasks.configuration.AbstractKotlinCompileConfig$1$4 : loaded 2 times (x 75B)
Class com.google.common.collect.Lists$ReverseList$1                                   : loaded 2 times (x 99B)
Class com.google.common.collect.ImmutableRangeSet$Builder                             : loaded 2 times (x 77B)
Class [Lcom.google.common.collect.Iterators$EmptyModifiableIterator;                  : loaded 2 times (x 69B)
Class org.jetbrains.kotlin.gradle.plugin.diagnostics.CheckKotlinGradlePluginConfigurationErrors: loaded 2 times (x 317B)
Class org.jetbrains.kotlin.gradle.plugin.sources.DefaultKotlinSourceSetKt             : loaded 2 times (x 71B)
Class org.jetbrains.kotlin.gradle.dsl.KotlinJvmOptions                                : loaded 2 times (x 70B)
Class org.jetbrains.kotlin.gradle.plugin.mpp.HierarchyAttributeContainer$1            : loaded 2 times (x 78B)
Class org.jetbrains.kotlin.gradle.plugin.KotlinPluginLifecycle                        : loaded 2 times (x 70B)
Class org.jetbrains.kotlin.gradle.plugin.KotlinJsPluginWrapper                        : loaded 2 times (x 87B)
Class org.jetbrains.kotlin.gradle.dsl.ToolchainSupport                                : loaded 2 times (x 70B)
Class org.jetbrains.kotlin.tooling.core.Extras                                        : loaded 2 times (x 70B)
Class org.jetbrains.kotlin.gradle.plugin.mpp.InternalKotlinTarget                     : loaded 2 times (x 70B)
Class org.jetbrains.kotlin.statistics.metrics.NumberAnonymizationPolicy$RANDOM_10_PERCENT: loaded 2 times (x 85B)
Class org.jetbrains.kotlin.statistics.metrics.StringMetrics                           : loaded 2 times (x 80B)
Class com.google.common.collect.Sets$SetView                                          : loaded 2 times (x 138B)
Class com.google.common.cache.LocalCache$StrongValueReference                         : loaded 2 times (x 90B)
Class com.google.common.util.concurrent.AbstractFuture$SynchronizedHelper             : loaded 2 times (x 78B)
Class com.google.common.base.CharMatcher$Invisible                                    : loaded 2 times (x 112B)
Class kotlin.UNINITIALIZED_VALUE                                                      : loaded 2 times (x 71B)
Class com.google.common.collect.RegularImmutableMap$KeySet                            : loaded 2 times (x 150B)
Class net.rubygrapefruit.platform.internal.WrapperProcessLauncher                     : loaded 2 times (x 76B)
Class com.google.common.graph.SuccessorsFunction                                      : loaded 2 times (x 70B)
Class org.jetbrains.kotlin.gradle.tasks.CompilerPluginOptions                         : loaded 2 times (x 72B)
Class org.jetbrains.kotlin.gradle.tasks.configuration.AbstractKotlinCompileConfig$1$5 : loaded 2 times (x 75B)
Class org.jetbrains.kotlin.gradle.plugin.mpp.KotlinTargetSoftwareComponentImpl        : loaded 2 times (x 90B)
Class org.jetbrains.kotlin.gradle.plugin.mpp.DefaultKotlinUsageContext$PublishOnlyIf  : loaded 2 times (x 70B)
Class [Lcom.google.gson.stream.JsonToken;                                             : loaded 2 times (x 69B)
Class org.jetbrains.kotlin.gradle.dsl.KotlinCommonCompilerOptionsHelper               : loaded 2 times (x 71B)
Class org.jetbrains.kotlin.gradle.plugin.KotlinJvmPlugin$Companion                    : loaded 2 times (x 71B)
Class org.jetbrains.kotlin.gradle.artifacts.KotlinMetadataArtifactKt                  : loaded 2 times (x 71B)
Class org.jetbrains.kotlin.gradle.targets.CreateArtifactsSideEffectKt$CreateArtifactsSideEffect$1: loaded 2 times (x 74B)
Class org.jetbrains.kotlin.gradle.plugin.KotlinPluginWrapperKt$kotlinToolingVersion$2 : loaded 2 times (x 78B)
Class org.objectweb.asm.Type                                                          : loaded 2 times (x 72B)
Class org.gradle.internal.classloader.VisitableURLClassLoader$InstrumentingVisitableURLClassLoader: loaded 2 times (x 123B)
Class kotlin.comparisons.ComparisonsKt__ComparisonsKt                                 : loaded 2 times (x 71B)
Class kotlin.ranges.RangesKt__RangesKt                                                : loaded 2 times (x 71B)
Class kotlin.collections.SetsKt___SetsKt                                              : loaded 2 times (x 71B)
Class kotlin.sequences.SequencesKt__SequencesKt                                       : loaded 2 times (x 71B)
Class com.google.common.collect.MapMakerInternalMap$StrongKeyDummyValueEntry$Helper   : loaded 2 times (x 79B)
Class com.google.common.io.Files$FileByteSink                                         : loaded 2 times (x 77B)
Class org.jetbrains.kotlin.gradle.tasks.configuration.AbstractKotlinCompileConfig$1$6 : loaded 2 times (x 75B)
Class [Lorg.jetbrains.kotlin.gradle.tasks.KotlinCompilerExecutionStrategy;            : loaded 2 times (x 69B)
Class org.jetbrains.kotlin.gradle.tasks.FailedCompilationException                    : loaded 2 times (x 82B)
Class org.jetbrains.kotlin.gradle.plugin.mpp.DefaultKotlinUsageContext$1              : loaded 2 times (x 74B)
Class org.jetbrains.kotlin.gradle.plugin.mpp.compilationImpl.KotlinCompilationImpl$associateWith$2: loaded 2 times (x 79B)
Class org.jetbrains.kotlin.gradle.plugin.hierarchy.KotlinSourceSetTreeClassifier      : loaded 2 times (x 70B)
Class org.jetbrains.kotlin.gradle.plugin.mpp.KotlinNativeTarget                       : loaded 2 times (x 171B)
Class org.jetbrains.kotlin.gradle.plugin.mpp.compilationImpl.KotlinCompilationAssociator: loaded 2 times (x 70B)
Class org.jetbrains.kotlin.gradle.utils.WhenEvaluatedKt$whenEvaluated$afterAndroidDispatchQueue$1$1$1: loaded 2 times (x 75B)
Class org.jetbrains.kotlin.gradle.plugin.diagnostics.checkers.KotlinSourceSetTreeDependsOnMismatchChecker$runChecks$1: loaded 2 times (x 88B)
Class org.jetbrains.kotlin.gradle.plugin.diagnostics.checkers.PreHmppDependenciesUsageChecker$runChecks$1: loaded 2 times (x 88B)
Class org.jetbrains.kotlin.gradle.utils.ProjectExtensionsKt                           : loaded 2 times (x 71B)
Class org.jetbrains.kotlin.gradle.plugin.KotlinSourceSetTree$Companion                : loaded 2 times (x 71B)
Class org.jetbrains.kotlin.gradle.plugin.diagnostics.KotlinGradleProjectChecker$Companion: loaded 2 times (x 71B)
Class org.jetbrains.kotlin.gradle.plugin.KotlinGradleBuildServices$Parameters         : loaded 2 times (x 70B)
Class org.jetbrains.kotlin.gradle.plugin.statistics.BuildFusService$Companion$registerIfAbsent$1$1$1: loaded 2 times (x 75B)
Class org.jetbrains.kotlin.statistics.fileloggers.MetricsContainer$Companion          : loaded 2 times (x 71B)
Class org.objectweb.asm.ByteVector                                                    : loaded 2 times (x 79B)
Class [Lcom.google.common.cache.CacheBuilder$NullListener;                            : loaded 2 times (x 69B)
Class com.google.common.math.IntMath$1                                                : loaded 2 times (x 71B)
Class org.gradle.internal.classloader.VisitableURLClassLoader$Spec                    : loaded 2 times (x 74B)
Class org.gradle.internal.classpath.DefaultClassPath                                  : loaded 2 times (x 90B)
Class kotlin.comparisons.ComparisonsKt                                                : loaded 2 times (x 71B)
Class kotlin.comparisons.ComparisonsKt___ComparisonsKt                                : loaded 2 times (x 71B)
Class kotlin.sequences.FilteringSequence                                              : loaded 2 times (x 75B)
Class org.jetbrains.kotlin.gradle.utils.FutureKt$future$2$1                           : loaded 2 times (x 95B)
Class build_5cbr6upgv98al9rfehq4qmv0x                                                 : loaded 2 times (x 180B)
Class com.google.common.collect.ImmutableSortedMap$1EntrySet$1                        : loaded 2 times (x 212B)
Class org.jetbrains.kotlin.gradle.plugin.statistics.BuildFinishMetrics                : loaded 2 times (x 71B)
Class org.jetbrains.kotlin.gradle.plugin.DefaultKotlinBasePlugin$addKotlinCompilerConfiguration$2$1$1: loaded 2 times (x 75B)
Class org.jetbrains.kotlin.gradle.plugin.mpp.KotlinSoftwareComponentKt                : loaded 2 times (x 71B)
Class org.jetbrains.kotlin.gradle.plugin.mpp.compilationImpl.KotlinCompilationSourceSetInclusion$AddSourcesToCompileTask: loaded 2 times (x 70B)
Class [Lorg.jetbrains.kotlin.gradle.plugin.HasProject;                                : loaded 2 times (x 69B)
Class org.jetbrains.kotlin.gradle.utils.MutableObservableSetImpl                      : loaded 2 times (x 163B)
Class org.jetbrains.kotlin.gradle.tasks.KotlinTasksProvider                           : loaded 2 times (x 72B)
Class org.jetbrains.kotlin.gradle.plugin.KotlinJsCompilerTypeHolder                   : loaded 2 times (x 70B)
Class org.jetbrains.kotlin.gradle.dsl.DefaultToolchainSupport$wireToolchainToTasks$1  : loaded 2 times (x 75B)
Class org.jetbrains.kotlin.gradle.dsl.KotlinCommonCompilerOptions                     : loaded 2 times (x 70B)
Class org.objectweb.asm.Symbol                                                        : loaded 2 times (x 73B)
Class com.google.common.base.AbstractIterator                                         : loaded 2 times (x 80B)
Class com.google.common.io.Java8Compatibility                                         : loaded 2 times (x 71B)
Class org.jetbrains.kotlin.statistics.metrics.OrMetricContainer                       : loaded 2 times (x 80B)
Class com.google.common.collect.Sets$FilteredSet                                      : loaded 2 times (x 137B)
Class org.jetbrains.kotlin.gradle.tasks.AbstractKotlinCompile$friendPathsSet$1        : loaded 2 times (x 74B)
Class com.google.common.io.Closer                                                     : loaded 2 times (x 78B)
Class org.jetbrains.kotlin.gradle.plugin.cocoapods.KotlinCocoapodsPlugin$Companion    : loaded 2 times (x 71B)
Class org.jetbrains.kotlin.build.report.metrics.BuildAttributes                       : loaded 2 times (x 72B)
Class org.jetbrains.kotlin.gradle.plugin.mpp.compilationImpl.KotlinCompilationImpl    : loaded 2 times (x 140B)
Class [Lorg.jetbrains.kotlin.gradle.plugin.mpp.compilationImpl.factory.KotlinCompilationImplFactory$PostConfigure;: loaded 2 times (x 69B)
Class org.jetbrains.kotlin.gradle.plugin.KotlinSourceSet$Companion                    : loaded 2 times (x 71B)
Class [Lorg.jetbrains.kotlin.gradle.report.BuildReportMode;                           : loaded 2 times (x 69B)
Class org.jetbrains.kotlin.statistics.metrics.BooleanOverridePolicy                   : loaded 2 times (x 85B)
Class org.jetbrains.kotlin.gradle.plugin.AbstractKotlinAndroidPluginWrapper           : loaded 2 times (x 87B)
Class com.google.common.collect.RegularImmutableMap$Values                            : loaded 2 times (x 207B)
Class com.google.common.collect.ImmutableSet                                          : loaded 2 times (x 145B)
Class com.google.common.base.CharMatcher$BitSetMatcher                                : loaded 2 times (x 112B)
Class com.google.common.base.CharMatcher$Ascii                                        : loaded 2 times (x 112B)
Class org.gradle.internal.classloader.ClassLoaderSpec                                 : loaded 2 times (x 71B)
Class kotlin.collections.CollectionsKt___CollectionsJvmKt                             : loaded 2 times (x 71B)
Class com.google.common.io.ByteSource$EmptyByteSource                                 : loaded 2 times (x 85B)
Class net.rubygrapefruit.platform.internal.Platform$MacOs32Bit                        : loaded 2 times (x 82B)
Class net.rubygrapefruit.platform.internal.Platform$Linux64Bit                        : loaded 2 times (x 83B)
Class org.jetbrains.kotlin.gradle.plugin.statistics.DaemonReuseCounter$Companion      : loaded 2 times (x 71B)
Class org.jetbrains.kotlin.gradle.tasks.DefaultKotlinJavaToolchain$DefaultJavaToolchainSetter: loaded 2 times (x 75B)
Class org.jetbrains.kotlin.build.report.metrics.BuildAttributeKind                    : loaded 2 times (x 79B)
Class org.jetbrains.kotlin.gradle.plugin.mpp.KotlinCompilationsKt$moduleNameForCompilation$1: loaded 2 times (x 75B)
Class org.jetbrains.kotlin.gradle.plugin.sources.KotlinDependencyScopeKt              : loaded 2 times (x 71B)
Class org.jetbrains.kotlin.gradle.plugin.diagnostics.TransformActionUsingKotlinToolingDiagnostics$Parameters: loaded 2 times (x 70B)
Class org.jetbrains.kotlin.compilerRunner.CompilerSystemPropertiesService$Companion$registerIfAbsent$2$1: loaded 2 times (x 79B)
Class org.jetbrains.kotlin.gradle.plugin.mpp.KotlinCompilationsKt$addSourcesToKotlinCompileTask$1: loaded 2 times (x 75B)
Class org.jetbrains.kotlin.gradle.internal.KotlinDependenciesManagementKt$configureDefaultVersionsResolutionStrategy$1$1: loaded 2 times (x 75B)
Class org.jetbrains.kotlin.gradle.utils.KotlinExtensionUtilsKt$forAllTargets$1        : loaded 2 times (x 95B)
Class org.jetbrains.kotlin.gradle.plugin.diagnostics.CheckKotlinGradlePluginConfigurationErrorsKt$locateOrRegisterCheckKotlinGradlePluginErrorsTask$taskProvider$1: loaded 2 times (x 75B)
Class org.jetbrains.kotlin.gradle.plugin.diagnostics.checkers.OverriddenKotlinNativeHomeChecker$StdlibExistenceCheckerValueSource$Params: loaded 2 times (x 70B)
Class org.jetbrains.kotlin.gradle.tooling.BuildKotlinToolingMetadataTaskKt$buildKotlinToolingMetadataTask$1: loaded 2 times (x 78B)
Class org.jetbrains.kotlin.gradle.internal.Kapt3GradleSubplugin$Companion             : loaded 2 times (x 71B)
Class org.jetbrains.kotlin.gradle.plugin.mpp.compilationImpl.KotlinCreateCompilationArchiveTaskKt$KotlinRegisterCompilationArchiveTasksExtension$1: loaded 2 times (x 74B)
Class [Lorg.jetbrains.kotlin.statistics.metrics.NumberOverridePolicy;                 : loaded 2 times (x 69B)
Class org.jetbrains.kotlin.gradle.utils.StoredPropertyKt$projectStoredProperty$1      : loaded 2 times (x 78B)
Class org.objectweb.asm.AnnotationWriter                                              : loaded 2 times (x 79B)
Class com.google.common.cache.CacheStats                                              : loaded 2 times (x 71B)
Class kotlin.TuplesKt                                                                 : loaded 2 times (x 71B)
Class kotlin.Unit                                                                     : loaded 2 times (x 71B)
Class kotlin.sequences.SequencesKt___SequencesJvmKt                                   : loaded 2 times (x 71B)
Class Build_gradle$3$5$1                                                              : loaded 2 times (x 78B)
Class org.jetbrains.kotlin.gradle.plugin.diagnostics.ToolingDiagnostic$Severity       : loaded 2 times (x 79B)
Class com.google.common.collect.ImmutableMultisetGwtSerializationDependencies         : loaded 2 times (x 125B)
Class com.google.common.collect.Interners                                             : loaded 2 times (x 71B)
Class com.google.common.io.Closer$Suppressor                                          : loaded 2 times (x 70B)
Class com.google.common.io.LineProcessor                                              : loaded 2 times (x 70B)
Class org.jetbrains.kotlin.gradle.tasks.K2MultiplatformStructure$RefinesEdge          : loaded 2 times (x 72B)
Class org.jetbrains.kotlin.gradle.plugin.mpp.SyncLanguageSettingsWithKotlinExtensionSetupActionKt$SyncLanguageSettingsWithKotlinExtensionSetupAction$1$1: loaded 2 times (x 75B)
Class org.jetbrains.kotlin.gradle.tasks.configuration.TaskConfigAction$configureTask$1: loaded 2 times (x 79B)
Class org.jetbrains.kotlin.gradle.internal.ClassLoadersCachingBuildService            : loaded 2 times (x 76B)
Class com.google.common.collect.AbstractMapBasedMultimap$2                            : loaded 2 times (x 85B)
Class org.jetbrains.kotlin.gradle.plugin.diagnostics.checkers.DuplicateSourceSetChecker$runChecks$1: loaded 2 times (x 88B)
Class org.jetbrains.kotlin.gradle.dsl.JvmTarget                                       : loaded 2 times (x 79B)
Class org.jetbrains.kotlin.gradle.plugin.VariantImplementationFactories$Inject        : loaded 2 times (x 106B)
Class org.jetbrains.kotlin.gradle.plugin.VariantImplementationFactoriesConfigurator$Companion: loaded 2 times (x 71B)
Class org.objectweb.asm.RecordComponentWriter                                         : loaded 2 times (x 78B)
Class com.google.common.util.concurrent.AbstractFuture$Listener                       : loaded 2 times (x 72B)
Class com.google.common.base.CharMatcher$Or                                           : loaded 2 times (x 112B)
Class Settings_gradle$1$1                                                             : loaded 2 times (x 74B)
Class kotlin.ranges.RangesKt                                                          : loaded 2 times (x 71B)
Class com.google.common.collect.ForwardingSet                                         : loaded 2 times (x 151B)
Class [Lorg.jetbrains.kotlin.compilerRunner.KotlinCompilerArgumentsLogLevel;          : loaded 2 times (x 69B)
Class org.jetbrains.kotlin.gradle.tasks.KotlinCompile_Decorated                       : loaded 2 times (x 598B)
Class org.jetbrains.kotlin.gradle.plugin.mpp.SyncLanguageSettingsWithKotlinExtensionSetupActionKt$SyncLanguageSettingsWithKotlinExtensionSetupAction$1$2: loaded 2 times (x 75B)
Class org.jetbrains.kotlin.gradle.plugin.internal.BuildIdService$Companion            : loaded 2 times (x 71B)
Class org.jetbrains.kotlin.gradle.targets.js.dsl.KotlinWasmSubTargetContainerDsl      : loaded 2 times (x 70B)
Class org.jetbrains.kotlin.gradle.plugin.diagnostics.checkers.OverriddenKotlinNativeHomeChecker$StdlibExistenceCheckerValueSource$Companion: loaded 2 times (x 71B)
Class org.jetbrains.kotlin.gradle.plugin.diagnostics.checkers.DisabledCinteropCommonizationInHmppProjectChecker: loaded 2 times (x 74B)
Class org.jetbrains.kotlin.gradle.plugin.diagnostics.checkers.NoKotlinTargetsDeclaredChecker: loaded 2 times (x 74B)
Class org.jetbrains.kotlin.gradle.utils.StoredPropertyStorage                         : loaded 2 times (x 72B)
Class org.jetbrains.kotlin.gradle.plugin.KotlinSourceSetContainer                     : loaded 2 times (x 70B)
Class org.objectweb.asm.Attribute                                                     : loaded 2 times (x 77B)
Class com.google.common.base.Supplier                                                 : loaded 2 times (x 70B)
Class org.gradle.internal.classloader.VisitableURLClassLoader                         : loaded 2 times (x 117B)
Class kotlin.collections.ArraysUtilJVM                                                : loaded 2 times (x 71B)
Class kotlin.jvm.functions.Function0                                                  : loaded 2 times (x 70B)
Class build_cnurxo8ipq0hjxkspu1ih4hh4$_run_closure1$_closure3                         : loaded 2 times (x 139B)
Class build_cnurxo8ipq0hjxkspu1ih4hh4                                                 : loaded 2 times (x 180B)
Class com.google.common.base.Equivalence$Identity                                     : loaded 2 times (x 82B)
Class com.google.common.io.CharSource$AsByteSource                                    : loaded 2 times (x 85B)
Class net.rubygrapefruit.platform.internal.FunctionResult$Failure                     : loaded 2 times (x 79B)
Class net.rubygrapefruit.platform.internal.NativeLibraryLoader                        : loaded 2 times (x 73B)
Class com.google.common.collect.ImmutableList$SerializedForm                          : loaded 2 times (x 73B)
Class org.jetbrains.kotlin.gradle.plugin.statistics.plugins.ObservablePlugins         : loaded 2 times (x 79B)
Class [Lorg.jetbrains.kotlin.gradle.plugin.sources.KotlinDependencyScope;             : loaded 2 times (x 69B)
Class org.jetbrains.kotlin.gradle.tasks.configuration.BaseKotlinCompileConfig$configureCommonParameters$1: loaded 2 times (x 74B)
Class org.jetbrains.kotlin.gradle.plugin.mpp.compilationImpl.factory.ConfigurationNaming: loaded 2 times (x 70B)
Class org.jetbrains.kotlin.gradle.plugin.mpp.compilationImpl.DefaultKotlinCompilationPostConfigureKt: loaded 2 times (x 71B)
Class org.jetbrains.kotlin.gradle.plugin.diagnostics.KotlinGradleProjectCheckersRunnerKt: loaded 2 times (x 71B)
Class org.jetbrains.kotlin.gradle.plugin.sources.InternalKotlinSourceSetKt$awaitPlatformCompilations$1: loaded 2 times (x 88B)
Class [Lorg.jetbrains.kotlin.tooling.core.HasExtras;                                  : loaded 2 times (x 69B)
Class org.jetbrains.kotlin.gradle.dsl.DefaultToolchainSupport$wireToolchainToTasks$1$1: loaded 2 times (x 75B)
Class org.jetbrains.kotlin.gradle.utils.SingleActionPerProject                        : loaded 2 times (x 73B)
Class org.jetbrains.kotlin.gradle.plugin.DefaultKotlinBasePlugin                      : loaded 2 times (x 82B)
Class com.google.common.util.concurrent.AbstractFuture$Waiter                         : loaded 2 times (x 72B)
Class org.gradle.internal.Cast                                                        : loaded 2 times (x 71B)
Class org.gradle.api.Action                                                           : loaded 2 times (x 70B)
Class kotlin.jvm.functions.Function1                                                  : loaded 2 times (x 70B)
Class build_166qh1pnbh2pg536vu3nsncwu$_run_closure1                                   : loaded 2 times (x 139B)
Class com.google.common.collect.MapMakerInternalMap                                   : loaded 2 times (x 161B)
Class org.jetbrains.kotlin.statistics.metrics.StatisticsValuesConsumer$DefaultImpls   : loaded 2 times (x 71B)
Class com.google.common.collect.HashBiMap                                             : loaded 2 times (x 143B)
Class [Lorg.jetbrains.kotlin.gradle.plugin.mpp.KotlinUsageContext$MavenScope;         : loaded 2 times (x 69B)
Class org.jetbrains.kotlin.gradle.tasks.configuration.BaseKotlinCompileConfig$configureCommonParameters$2: loaded 2 times (x 75B)
Class org.jetbrains.kotlin.gradle.plugin.mpp.compilationImpl.KotlinCompilationCompilerOptionsFromTargetConfigurator: loaded 2 times (x 74B)
Class [Lorg.jetbrains.kotlin.gradle.plugin.mpp.compilationImpl.DefaultKotlinCompilationFriendPathsResolver$FriendArtifactResolver;: loaded 2 times (x 69B)
Class com.google.common.base.Strings                                                  : loaded 2 times (x 71B)
Class org.jetbrains.kotlin.gradle.utils.FailuresKt$ideaSyncClasspathModeUtil$1        : loaded 2 times (x 72B)
Class org.jetbrains.kotlin.gradle.plugin.diagnostics.KotlinToolingDiagnosticsCollector$Inject: loaded 2 times (x 96B)
Class org.jetbrains.kotlin.gradle.artifacts.KotlinJsKlibArtifactKt                    : loaded 2 times (x 71B)
Class org.jetbrains.kotlin.gradle.dsl.KotlinTargetContainerWithWasmPresetFunctions    : loaded 2 times (x 70B)
Class org.jetbrains.kotlin.gradle.plugin.GradleUtilsKt                                : loaded 2 times (x 71B)
Class com.google.common.collect.Sets                                                  : loaded 2 times (x 71B)
Class org.objectweb.asm.Handler                                                       : loaded 2 times (x 72B)
Class com.google.common.base.Ticker                                                   : loaded 2 times (x 72B)
Class com.google.common.base.CharMatcher$FastMatcher                                  : loaded 2 times (x 111B)
Class kotlin.jvm.functions.Function2                                                  : loaded 2 times (x 70B)
Class com.google.common.cache.RemovalCause$1                                          : loaded 2 times (x 80B)
Class com.google.common.collect.ImmutableSortedSet$Builder                            : loaded 2 times (x 86B)
Class org.jetbrains.kotlin.gradle.tasks.KotlinCompile$javaSources$1                   : loaded 2 times (x 75B)
Class org.jetbrains.kotlin.incremental.IncrementalCompilationFeatures                 : loaded 2 times (x 71B)
Class org.jetbrains.kotlin.gradle.plugin.KotlinTarget$DefaultImpls                    : loaded 2 times (x 71B)
Class org.jetbrains.kotlin.gradle.plugin.diagnostics.KotlinToolingDiagnosticsCollector: loaded 2 times (x 76B)
Class org.jetbrains.kotlin.gradle.plugin.mpp.compilationImpl.KotlinCreateCompilationArchiveTaskKt: loaded 2 times (x 71B)
Class org.jetbrains.kotlin.tooling.core.MutableExtrasImpl                             : loaded 2 times (x 165B)
Class org.jetbrains.kotlin.gradle.utils.FileUtilsKt                                   : loaded 2 times (x 71B)
Class org.jetbrains.kotlin.gradle.plugin.statistics.KotlinBuildStatsMXBean            : loaded 2 times (x 70B)
Class [Lcom.google.common.cache.LocalCache$Segment;                                   : loaded 2 times (x 69B)
Class [Lcom.google.common.cache.LocalCache$Strength;                                  : loaded 2 times (x 69B)
Class com.google.common.cache.CacheBuilder$1                                          : loaded 2 times (x 85B)
Class com.google.common.collect.ImmutableMap                                          : loaded 2 times (x 120B)
Class com.google.common.base.Predicate                                                : loaded 2 times (x 70B)
Class org.gradle.internal.classpath.DefaultClassPath$ImmutableUniqueList$Builder      : loaded 2 times (x 75B)
Class kotlin.jvm.functions.Function3                                                  : loaded 2 times (x 70B)
Class kotlin.collections.MapsKt___MapsJvmKt                                           : loaded 2 times (x 71B)
Class build_22m1lif4vvy2hgnda1tpilaik                                                 : loaded 2 times (x 180B)
Class com.google.common.cache.RemovalCause$2                                          : loaded 2 times (x 80B)
Class com.google.common.collect.MapMakerInternalMap$WeakValueReference                : loaded 2 times (x 70B)
Class org.jetbrains.kotlin.gradle.plugin.mpp.KotlinCompilationFactory$DefaultImpls    : loaded 2 times (x 71B)
Class com.google.gson.stream.JsonToken                                                : loaded 2 times (x 79B)
Class com.google.common.collect.AbstractRangeSet                                      : loaded 2 times (x 114B)
Class org.jetbrains.kotlin.gradle.plugin.diagnostics.checkers.InternalGradlePropertiesUsageChecker: loaded 2 times (x 74B)
Class org.jetbrains.kotlin.gradle.plugin.mpp.compilationImpl.CreateCInteropTasksSideEffectKt: loaded 2 times (x 71B)
Class org.jetbrains.kotlin.gradle.testing.internal.KotlinTestsRegistry$Companion      : loaded 2 times (x 71B)
Class org.jetbrains.kotlin.gradle.dsl.KotlinCommonCompilerToolOptions                 : loaded 2 times (x 70B)
Class org.jetbrains.kotlin.gradle.plugin.internal.DefaultConfigurationCacheStartParameterAccessorVariantFactory: loaded 2 times (x 76B)
Class com.google.common.cache.LocalCache                                              : loaded 2 times (x 187B)
Class com.google.common.cache.CacheBuilder$2                                          : loaded 2 times (x 72B)
Class com.google.common.base.CharMatcher$NegatedFastMatcher                           : loaded 2 times (x 113B)
Class kotlin.collections.CollectionsKt___CollectionsKt                                : loaded 2 times (x 71B)
Class build_109ts7kkllqp01y9r867ancus$_run_closure1                                   : loaded 2 times (x 139B)
Class Build_gradle$inlined$sam$i$org_gradle_api_Action$0                              : loaded 2 times (x 75B)
Class com.google.common.cache.RemovalCause$3                                          : loaded 2 times (x 80B)
Class org.jetbrains.kotlin.build.report.metrics.BuildPerformanceMetrics$Companion     : loaded 2 times (x 71B)
Class org.jetbrains.kotlin.cli.common.arguments.K2JVMCompilerArguments                : loaded 2 times (x 81B)
Class org.jetbrains.kotlin.gradle.plugin.mpp.compilationImpl.DefaultKotlinCompilationSourceSetsContainer$source$1: loaded 2 times (x 79B)
Class org.jetbrains.kotlin.gradle.internal.KotlinTestDependencyManagementKt           : loaded 2 times (x 71B)
Class [Lorg.jetbrains.kotlin.gradle.plugin.sources.ConsistencyCheck;                  : loaded 2 times (x 69B)
Class org.jetbrains.kotlin.gradle.report.ReportingSettings                            : loaded 2 times (x 72B)
Class org.jetbrains.kotlin.statistics.metrics.StringAnonymizationPolicy$ComponentVersionAnonymizer: loaded 2 times (x 78B)
Class org.jetbrains.kotlin.gradle.plugin.KotlinBasePluginWrapper                      : loaded 2 times (x 87B)
Class [Lcom.google.common.collect.AbstractMapEntry;                                   : loaded 2 times (x 69B)
Class com.google.common.collect.ImmutableEntry                                        : loaded 2 times (x 82B)
Class com.google.common.collect.ArrayListMultimap                                     : loaded 2 times (x 172B)
Class com.google.common.base.AbstractIterator$1                                       : loaded 2 times (x 71B)
Class com.google.common.base.CharMatcher$Digit                                        : loaded 2 times (x 112B)
Class org.gradle.api.GradleException                                                  : loaded 2 times (x 82B)
Class kotlin.text.StringsKt___StringsJvmKt                                            : loaded 2 times (x 71B)
Class build_13ufdkl3rir12yxr8hv7yfig1                                                 : loaded 2 times (x 180B)
Class com.google.common.cache.RemovalCause$4                                          : loaded 2 times (x 80B)
Class com.google.common.io.CharSource$EmptyCharSource                                 : loaded 2 times (x 86B)
Class com.google.common.base.Suppliers$MemoizingSupplier                              : loaded 2 times (x 79B)
Class org.jetbrains.kotlin.gradle.plugin.statistics.NonSynchronizedMetricsContainer$MetricDescriptor: loaded 2 times (x 75B)
Class org.jetbrains.kotlin.gradle.plugin.ProjectLocalConfigurations$ProjectLocalCompatibility: loaded 2 times (x 76B)
Class org.jetbrains.kotlin.gradle.dsl.KotlinJvmCompilerOptions                        : loaded 2 times (x 70B)
Class org.jetbrains.kotlin.gradle.plugin.internal.DefaultProjectIsolationStartParameterAccessor$Factory: loaded 2 times (x 76B)
Class com.google.common.collect.CollectPreconditions                                  : loaded 2 times (x 71B)
Class com.google.common.base.CharMatcher$JavaIsoControl                               : loaded 2 times (x 112B)
Class kotlin.collections.MapsKt___MapsKt                                              : loaded 2 times (x 71B)
Class kotlin.io.FilesKt                                                               : loaded 2 times (x 71B)
Class kotlin.collections.ArraysKt___ArraysKt                                          : loaded 2 times (x 71B)
Class com.google.common.cache.RemovalCause$5                                          : loaded 2 times (x 80B)
Class [Lcom.google.common.collect.MapMakerInternalMap$Strength;                       : loaded 2 times (x 69B)
Class com.google.common.collect.Maps$AbstractFilteredMap                              : loaded 2 times (x 127B)
Class [Lcom.google.common.io.FileWriteMode;                                           : loaded 2 times (x 69B)
Class org.jetbrains.kotlin.buildtools.api.SourcesChanges                              : loaded 2 times (x 70B)
Class org.jetbrains.kotlin.gradle.plugin.KotlinPluginLifecycleImpl$launch$1           : loaded 2 times (x 79B)
Class org.jetbrains.kotlin.gradle.utils.Completable                                   : loaded 2 times (x 72B)
Class org.jetbrains.kotlin.gradle.plugin.DefaultKotlinBasePlugin$addKotlinCompilerConfiguration$2$1: loaded 2 times (x 75B)
Class org.jetbrains.kotlin.gradle.plugin.statistics.KotlinBuildStatsServicesRegistry$Companion: loaded 2 times (x 71B)
Class org.jetbrains.kotlin.gradle.plugin.internal.DefaultCompatibilityConventionRegistrar$Factory: loaded 2 times (x 76B)
Class com.google.common.collect.SortedMapDifference                                   : loaded 2 times (x 70B)
Class com.google.common.base.CharMatcher$JavaLowerCase                                : loaded 2 times (x 111B)
Class kotlin.collections.MapsKt__MapWithDefaultKt                                     : loaded 2 times (x 71B)
Class kotlin.text.StringsKt__StringsKt                                                : loaded 2 times (x 71B)
Class net.rubygrapefruit.platform.internal.NativeLibraryLocator                       : loaded 2 times (x 73B)
Class net.rubygrapefruit.platform.Process                                             : loaded 2 times (x 70B)
Class com.google.common.collect.Iterables$4                                           : loaded 2 times (x 81B)
Class com.google.common.collect.MapMakerInternalMap$StrongKeyDummyValueSegment        : loaded 2 times (x 142B)
Class com.google.common.cache.LocalCache$WriteThroughEntry                            : loaded 2 times (x 79B)
Class com.google.common.cache.LocalCache$HashIterator                                 : loaded 2 times (x 86B)
Class com.google.common.io.Files                                                      : loaded 2 times (x 71B)
Class org.jetbrains.kotlin.gradle.tasks.DefaultKotlinJavaToolchain$DefaultJdkSetter   : loaded 2 times (x 76B)
Class org.jetbrains.kotlin.cli.common.arguments.CommonCompilerArguments               : loaded 2 times (x 80B)
Class org.jetbrains.kotlin.gradle.plugin.mpp.KotlinOnlyTarget                         : loaded 2 times (x 157B)
Class org.jetbrains.kotlin.gradle.targets.js.npm.BaseNpmDependencyExtension           : loaded 2 times (x 70B)
Class org.jetbrains.kotlin.gradle.dsl.KotlinVersion$Companion                         : loaded 2 times (x 71B)
Class org.jetbrains.kotlin.gradle.InternalKotlinGradlePluginApi                       : loaded 2 times (x 70B)
Class org.jetbrains.kotlin.gradle.dsl.DefaultToolchainSupport                         : loaded 2 times (x 76B)
Class org.jetbrains.kotlin.gradle.plugin.internal.CustomPropertiesFileValueSource     : loaded 2 times (x 82B)
Class com.google.common.cache.LocalCache$EntryFactory                                 : loaded 2 times (x 83B)
Class kotlin.collections.CollectionsKt__MutableCollectionsJVMKt                       : loaded 2 times (x 71B)
Class kotlin.enums.EnumEntriesKt                                                      : loaded 2 times (x 71B)
Class kotlin.text.StringsKt___StringsKt                                               : loaded 2 times (x 71B)
Class com.google.common.reflect.TypeParameter                                         : loaded 2 times (x 72B)
Class [Lcom.google.common.collect.MapMaker$Dummy;                                     : loaded 2 times (x 69B)
Class com.google.common.collect.Iterables$5                                           : loaded 2 times (x 81B)
Class com.google.common.collect.NullsLastOrdering                                     : loaded 2 times (x 115B)
Class org.jetbrains.kotlin.gradle.plugin.cocoapods.KotlinCocoapodsPlugin              : loaded 2 times (x 76B)
Class org.jetbrains.kotlin.gradle.tasks.TaskOutputsBackup                             : loaded 2 times (x 72B)
Class org.jetbrains.kotlin.gradle.internal.CompilerOptionsDslHelpersKt                : loaded 2 times (x 71B)
Class org.jetbrains.kotlin.gradle.internal.StdlibDependencyManagementKt$configureStdlibVersionAlignment$1$1: loaded 2 times (x 75B)
Class org.jetbrains.kotlin.gradle.dsl.KotlinProjectExtension$awaitSourceSets$1        : loaded 2 times (x 88B)
Class org.jetbrains.kotlin.gradle.tasks.TasksProviderKt$sam$org_gradle_api_Action$0   : loaded 2 times (x 75B)
Class org.jetbrains.kotlin.gradle.tooling.BuildKotlinToolingMetadataTask$FromKotlinExtension: loaded 2 times (x 317B)
Class org.jetbrains.kotlin.gradle.plugin.KotlinPluginLifecycle$CoroutineStart         : loaded 2 times (x 79B)
Class org.jetbrains.kotlin.gradle.utils.FailuresKt                                    : loaded 2 times (x 71B)
Class org.jetbrains.kotlin.gradle.targets.native.internal.CInteropConfigurationsKt$special$$inlined$KotlinTargetSideEffect$1: loaded 2 times (x 74B)
Class org.jetbrains.kotlin.gradle.plugin.statistics.BuildFusService$Parameters_Decorated: loaded 2 times (x 140B)
Class org.jetbrains.kotlin.tooling.core.HasMutableExtras                              : loaded 2 times (x 70B)
Class com.google.common.cache.LocalCache$AbstractReferenceEntry                       : loaded 2 times (x 107B)
Class com.google.common.base.Splitter$1$1                                             : loaded 2 times (x 86B)
Class com.google.common.base.CharMatcher$Whitespace                                   : loaded 2 times (x 112B)
Class org.gradle.internal.IoActions                                                   : loaded 2 times (x 71B)
Class com.google.common.collect.ImmutableMapKeySet                                    : loaded 2 times (x 150B)
Class org.jetbrains.kotlin.statistics.BuildSession                                    : loaded 2 times (x 72B)
Class org.jetbrains.kotlin.gradle.internal.Kapt3KotlinGradleSubpluginKt               : loaded 2 times (x 71B)
Class org.jetbrains.kotlin.gradle.dsl.KotlinJvmCompile                                : loaded 2 times (x 70B)
Class com.google.common.collect.ImmutableRangeSet$ComplementRanges                    : loaded 2 times (x 207B)
Class org.jetbrains.kotlin.gradle.internal.Kapt3GradleSubplugin                       : loaded 2 times (x 83B)
Class org.jetbrains.kotlin.gradle.plugin.diagnostics.checkers.CInteropInputChecker    : loaded 2 times (x 74B)
Class org.jetbrains.kotlin.gradle.internal.KotlinDependenciesManagementKt$CustomizeKotlinDependenciesSetupAction$1: loaded 2 times (x 74B)
Class org.jetbrains.kotlin.gradle.plugin.KotlinGradlePluginExtensionPointInternal$registeredExtensions$2: loaded 2 times (x 78B)
Class org.jetbrains.kotlin.statistics.metrics.BooleanOverridePolicy$OR                : loaded 2 times (x 85B)
Class org.jetbrains.kotlin.gradle.plugin.UsesVariantImplementationFactories           : loaded 2 times (x 70B)
Class org.objectweb.asm.SymbolTable                                                   : loaded 2 times (x 72B)
Class com.google.common.cache.CacheLoader$InvalidCacheLoadException                   : loaded 2 times (x 82B)
Class com.google.common.collect.ImmutableSet$RegularSetBuilderImpl                    : loaded 2 times (x 77B)
Class com.google.common.base.CharMatcher$SingleWidth                                  : loaded 2 times (x 112B)
Class org.gradle.internal.classloader.SystemClassLoaderSpec                           : loaded 2 times (x 71B)
Class kotlin.jvm.internal.Intrinsics                                                  : loaded 2 times (x 71B)
Class build_2t77cj9kkb0qoipjf0k7v3n1c$_run_closure1$_closure3                         : loaded 2 times (x 139B)
Class build_2t77cj9kkb0qoipjf0k7v3n1c                                                 : loaded 2 times (x 180B)
Class com.google.common.collect.FluentIterable                                        : loaded 2 times (x 81B)
Class org.jetbrains.kotlin.gradle.tasks.CacheableTasksKt$cacheOnlyIfEnabledForKotlin$1$1: loaded 2 times (x 74B)
Class org.jetbrains.kotlin.gradle.tasks.configuration.BaseKotlinCompileConfig$1$1     : loaded 2 times (x 74B)
Class org.jetbrains.kotlin.gradle.plugin.mpp.compilationImpl.factory.KotlinCompilationImplFactory$PostConfigure: loaded 2 times (x 70B)
Class org.jetbrains.kotlin.gradle.utils.KotlinExtensionUtilsKt                        : loaded 2 times (x 71B)
Class org.jetbrains.kotlin.gradle.plugin.diagnostics.checkers.NoKotlinTargetsDeclaredChecker$runChecks$1: loaded 2 times (x 88B)
Class org.jetbrains.kotlin.gradle.plugin.mpp.AbstractKotlinTarget$kotlinComponents$2  : loaded 2 times (x 79B)
Class org.jetbrains.kotlin.gradle.plugin.KotlinPlatformType$CompatibilityRule         : loaded 2 times (x 76B)
Class org.jetbrains.kotlin.gradle.plugin.BuildEventsListenerRegistryHolder            : loaded 2 times (x 72B)
Class [Lorg.jetbrains.kotlin.statistics.metrics.BooleanOverridePolicy;                : loaded 2 times (x 69B)
Class org.jetbrains.kotlin.gradle.plugin.internal.CustomPropertiesFileValueSource$Parameters$Inject: loaded 2 times (x 106B)
Class com.google.common.cache.LocalCache$StrongEntry                                  : loaded 2 times (x 108B)
Class com.google.common.util.concurrent.AbstractFuture$TrustedFuture                  : loaded 2 times (x 114B)
Class com.google.common.cache.LoadingCache                                            : loaded 2 times (x 70B)
Class kotlin.collections.MapsKt                                                       : loaded 2 times (x 71B)
Class kotlin.collections.CollectionsKt__IterablesKt                                   : loaded 2 times (x 71B)
Class org.jetbrains.kotlin.tooling.core.AbstractExtras                                : loaded 2 times (x 141B)
Class build_3z3jmm1now0dvzxcwwh82ynag                                                 : loaded 2 times (x 180B)
Class net.rubygrapefruit.platform.ProcessLauncher                                     : loaded 2 times (x 70B)
Class com.google.common.base.Suppliers$NonSerializableMemoizingSupplier               : loaded 2 times (x 79B)
Class com.google.common.io.ByteStreams$LimitedInputStream                             : loaded 2 times (x 92B)
Class org.jetbrains.kotlin.gradle.tasks.GradleCompileTaskProvider                     : loaded 2 times (x 72B)
Class org.jetbrains.kotlin.gradle.plugin.mpp.KotlinTargetSoftwareComponentImplKt$KotlinTargetSoftwareComponent$1: loaded 2 times (x 95B)
Class org.jetbrains.kotlin.gradle.tasks.configuration.BaseKotlinCompileConfig$registerBuildToolsApiTransformations$1: loaded 2 times (x 75B)
Class org.jetbrains.kotlin.gradle.plugin.internal.BuildIdService                      : loaded 2 times (x 76B)
Class org.jetbrains.kotlin.gradle.plugin.mpp.compilationImpl.factory.KotlinCompilationDependencyConfigurationsFactoriesKt: loaded 2 times (x 71B)
Class org.jetbrains.kotlin.gradle.plugin.mpp.compilationImpl.DefaultKotlinCompilationFriendPathsResolver: loaded 2 times (x 75B)
Class org.jetbrains.kotlin.gradle.plugin.diagnostics.checkers.WasmSourceSetsNotFoundChecker$runChecks$1: loaded 2 times (x 88B)
Class org.jetbrains.kotlin.gradle.plugin.mpp.compilationImpl.KotlinCreateCompilationArchiveTaskKt$KotlinCreateCompilationArchivesTask$1: loaded 2 times (x 74B)
Class org.jetbrains.kotlin.gradle.dsl.KotlinVersion                                   : loaded 2 times (x 79B)
Class org.jetbrains.kotlin.gradle.utils.StoredPropertyKt                              : loaded 2 times (x 71B)
Class org.objectweb.asm.MethodWriter                                                  : loaded 2 times (x 106B)
Class [Lcom.google.common.cache.Weigher;                                              : loaded 2 times (x 69B)
Class com.google.common.collect.RegularImmutableMap$BucketOverflowException           : loaded 2 times (x 82B)
Class kotlin.KotlinNullPointerException                                               : loaded 2 times (x 83B)
Class com.google.common.collect.ImmutableMultimap$1                                   : loaded 2 times (x 82B)
Class com.google.common.collect.AbstractMapBasedMultimap$RandomAccessWrappedList      : loaded 2 times (x 205B)
Class org.jetbrains.kotlin.gradle.plugin.sources.KotlinDependencyScope$Companion      : loaded 2 times (x 71B)
Class org.jetbrains.kotlin.gradle.plugin.KotlinPluginLifecycleKt$launchInStage$1      : loaded 2 times (x 95B)
Class org.jetbrains.kotlin.gradle.tasks.configuration.BaseKotlinCompileConfig$registerBuildToolsApiTransformations$2: loaded 2 times (x 75B)
Class org.jetbrains.kotlin.gradle.tasks.KotlinJvmCompile                              : loaded 2 times (x 70B)
Class org.jetbrains.kotlin.gradle.plugin.mpp.compilationImpl.KotlinCompilationSourceSetsContainerKt: loaded 2 times (x 71B)
Class org.jetbrains.kotlin.gradle.targets.NativeForwardImplementationToApiElementsSideEffectKt: loaded 2 times (x 71B)
Class org.jetbrains.kotlin.gradle.report.BuildReportMode                              : loaded 2 times (x 79B)
Class org.jetbrains.kotlin.statistics.metrics.StringAnonymizationPolicy$RegexControlled: loaded 2 times (x 79B)
Class org.jetbrains.kotlin.statistics.ValueAnonymizer                                 : loaded 2 times (x 70B)
Class org.jetbrains.kotlin.gradle.plugin.VariantImplementationFactories$Companion$getProvider$2$1$1: loaded 2 times (x 75B)
Class org.jetbrains.kotlin.gradle.plugin.internal.ProjectIsolationStartParameterAccessor$Factory: loaded 2 times (x 70B)
Class kotlin.ranges.RangesKt___RangesKt                                               : loaded 2 times (x 71B)
Class com.google.common.collect.ImmutableMultimap$2                                   : loaded 2 times (x 81B)
Class org.jetbrains.kotlin.gradle.plugin.statistics.KotlinBuildStatsLoggerService$reportBuildFinished$1: loaded 2 times (x 79B)
Class com.google.common.collect.AbstractIterator$State                                : loaded 2 times (x 79B)
Class org.jetbrains.kotlin.gradle.tasks.KotlinCompile$disableMultiModuleIC$2$1        : loaded 2 times (x 75B)
Class org.jetbrains.kotlin.gradle.tasks.DefaultKotlinJavaToolchain$javaExecutable$1   : loaded 2 times (x 75B)
Class org.jetbrains.kotlin.build.report.metrics.BuildAttribute                        : loaded 2 times (x 79B)
Class org.jetbrains.kotlin.gradle.internal.transforms.BuildToolsApiClasspathEntrySnapshotTransform$Inject1: loaded 2 times (x 113B)
Class org.jetbrains.kotlin.gradle.plugin.mpp.compilationImpl.KotlinCompilationRegisterInSourceSetsConfigurator: loaded 2 times (x 74B)
Class org.jetbrains.kotlin.gradle.plugin.mpp.compilationImpl.factory.DefaultKotlinCompilationTaskNamesContainerFactory: loaded 2 times (x 74B)
Class org.jetbrains.kotlin.gradle.plugin.mpp.compilationImpl.DefaultKotlinCompilationFriendPathsResolver$FriendArtifactResolver$Companion: loaded 2 times (x 71B)
Class org.jetbrains.kotlin.gradle.targets.native.internal.CommonizerTasksKt           : loaded 2 times (x 71B)
Class [Lorg.jetbrains.kotlin.gradle.targets.js.npm.NpmDependency$Scope;               : loaded 2 times (x 69B)
Class org.jetbrains.kotlin.gradle.plugin.KotlinCompilerPluginSupportPlugin            : loaded 2 times (x 70B)
Class org.jetbrains.kotlin.gradle.plugin.mpp.AbstractKotlinTarget$components$2        : loaded 2 times (x 79B)
Class org.jetbrains.kotlin.gradle.utils.AndroidPluginIdsKt                            : loaded 2 times (x 71B)
Class org.jetbrains.kotlin.gradle.plugin.mpp.KotlinUsages$setupAttributesMatchingStrategy$1: loaded 2 times (x 74B)
Class org.jetbrains.kotlin.gradle.plugin.KotlinBasePlugin                             : loaded 2 times (x 70B)
Class com.google.common.collect.RegularImmutableBiMap                                 : loaded 2 times (x 148B)
Class com.google.common.cache.LocalCache$ValueReference                               : loaded 2 times (x 70B)
Class com.google.common.base.CharMatcher$Negated                                      : loaded 2 times (x 113B)
Class com.google.common.base.CharMatcher$Is                                           : loaded 2 times (x 111B)
Class kotlin.collections.ArraysKt                                                     : loaded 2 times (x 71B)
Class com.google.common.hash.PrimitiveSink                                            : loaded 2 times (x 70B)
Class org.jetbrains.kotlin.gradle.tasks.internal.KotlinJvmOptionsCompat               : loaded 2 times (x 103B)
Class org.jetbrains.kotlin.cli.common.arguments.CommonToolArguments                   : loaded 2 times (x 73B)
Class com.google.common.base.PatternCompiler                                          : loaded 2 times (x 70B)
Class org.jetbrains.kotlin.gradle.utils.FutureKt                                      : loaded 2 times (x 71B)
Class org.jetbrains.kotlin.gradle.logging.GradleLoggingUtilsKt                        : loaded 2 times (x 71B)
Class org.jetbrains.kotlin.gradle.plugin.KotlinAndroidPluginWrapper                   : loaded 2 times (x 87B)
Class com.google.common.util.concurrent.AbstractFuture$Failure                        : loaded 2 times (x 72B)
Class com.google.common.base.Equivalence$Equals                                       : loaded 2 times (x 82B)
Class com.google.common.collect.Hashing                                               : loaded 2 times (x 71B)
Class com.google.common.base.Preconditions                                            : loaded 2 times (x 71B)
Class kotlin.collections.SetsKt__SetsKt                                               : loaded 2 times (x 71B)
Class kotlin.LazyKt                                                                   : loaded 2 times (x 71B)
Class build_236pfft258fwhgj6fhg1fzlj1                                                 : loaded 2 times (x 180B)
Class com.google.common.collect.ImmutableSetMultimap                                  : loaded 2 times (x 180B)
Class com.google.common.collect.ByFunctionOrdering                                    : loaded 2 times (x 115B)
Class com.google.common.io.CharSink                                                   : loaded 2 times (x 79B)
Class org.jetbrains.kotlin.compilerRunner.GradleCompilerRunner$Companion              : loaded 2 times (x 71B)
Class [Lorg.jetbrains.kotlin.gradle.dsl.PlatformSourceSetConventionsChecker$CheckedPlatformInfo;: loaded 2 times (x 69B)
Class org.jetbrains.kotlin.gradle.plugin.diagnostics.KotlinGradleProjectCheckerContext: loaded 2 times (x 72B)
Class org.jetbrains.kotlin.gradle.plugin.diagnostics.checkers.DuplicateSourceSetChecker: loaded 2 times (x 74B)
Class org.jetbrains.kotlin.gradle.targets.KotlinTargetSideEffect                      : loaded 2 times (x 70B)
Class org.jetbrains.kotlin.gradle.plugin.DefaultKotlinBasePlugin$setupAttributeMatchingStrategy$1$1: loaded 2 times (x 79B)
Class org.jetbrains.kotlin.statistics.metrics.NumericalMetrics$Companion              : loaded 2 times (x 71B)
Class [Lorg.jetbrains.kotlin.statistics.metrics.NumberAnonymizationPolicy;            : loaded 2 times (x 69B)
Class org.jetbrains.kotlin.statistics.metrics.NumberOverridePolicy$OVERRIDE           : loaded 2 times (x 85B)
Class com.google.common.base.Joiner$1                                                 : loaded 2 times (x 80B)
Class org.objectweb.asm.Label                                                         : loaded 2 times (x 73B)
Class org.objectweb.asm.CurrentFrame                                                  : loaded 2 times (x 73B)
Class org.objectweb.asm.ClassTooLargeException                                        : loaded 2 times (x 83B)
Class com.google.gson.stream.JsonReader                                               : loaded 2 times (x 97B)
Class com.google.common.collect.PeekingIterator                                       : loaded 2 times (x 70B)
Class com.google.common.base.CharMatcher                                              : loaded 2 times (x 111B)
Class kotlin.collections.ArraysKt__ArraysJVMKt                                        : loaded 2 times (x 71B)
Class com.google.common.io.ByteSource$AsCharSource                                    : loaded 2 times (x 86B)
Class com.google.common.collect.MapMakerInternalMap$InternalEntryHelper               : loaded 2 times (x 70B)
Class com.google.common.collect.Table                                                 : loaded 2 times (x 70B)
Class com.google.common.collect.Maps$IteratorBasedAbstractMap                         : loaded 2 times (x 125B)
Class org.jetbrains.kotlin.gradle.tasks.configuration.AbstractKotlinCompileConfig$2$2$1: loaded 2 times (x 75B)
Class org.jetbrains.kotlin.build.report.metrics.BuildAttributes$Companion             : loaded 2 times (x 71B)
Class org.jetbrains.kotlin.gradle.tasks.KotlinCompilationTask                         : loaded 2 times (x 70B)
Class org.jetbrains.kotlin.gradle.plugin.mpp.compilationImpl.factory.KotlinCompilationImplFactory$ProcessResourcesTaskNameFactory: loaded 2 times (x 70B)
Class com.google.common.collect.RangeGwtSerializationDependencies                     : loaded 2 times (x 71B)
Class org.jetbrains.kotlin.gradle.internal.KotlinDependenciesManagementKt             : loaded 2 times (x 71B)
Class org.jetbrains.kotlin.gradle.plugin.DefaultKotlinBasePlugin$setupAttributeMatchingStrategy$1$2: loaded 2 times (x 79B)
Class org.jetbrains.kotlin.gradle.plugin.internal.CustomPropertiesFileValueSource$Inject: loaded 2 times (x 113B)
Class org.jetbrains.kotlin.gradle.plugin.statistics.KotlinBuildStatsLoggerService     : loaded 2 times (x 72B)
Class com.google.common.base.Joiner$2                                                 : loaded 2 times (x 79B)
Class org.objectweb.asm.Frame                                                         : loaded 2 times (x 73B)
Class org.objectweb.asm.MethodVisitor                                                 : loaded 2 times (x 105B)
Class com.google.common.cache.LocalCache$EntryFactory$1                               : loaded 2 times (x 83B)
Class [Lcom.google.common.cache.RemovalListener;                                      : loaded 2 times (x 69B)
Class com.google.common.base.CharMatcher$1                                            : loaded 2 times (x 113B)
Class com.google.common.base.CharMatcher$NamedFastMatcher                             : loaded 2 times (x 112B)
Class kotlin.text.StringsKt__StringBuilderKt                                          : loaded 2 times (x 71B)
Class org.jetbrains.kotlin.gradle.plugin.mpp.InternalKotlinTargetKt$special$$inlined$extrasStoredFuture$1: loaded 2 times (x 79B)
Class org.jetbrains.kotlin.compilerRunner.UsesCompilerSystemPropertiesService         : loaded 2 times (x 70B)
Class org.jetbrains.kotlin.gradle.plugin.mpp.compilationImpl.KotlinCompilationSourceSetInclusion$Companion: loaded 2 times (x 71B)
Class com.google.common.collect.RangeSet                                              : loaded 2 times (x 70B)
Class org.jetbrains.kotlin.gradle.plugin.diagnostics.checkers.MissingNativeStdlibChecker$runChecks$1: loaded 2 times (x 88B)
Class [Lorg.jetbrains.kotlin.gradle.plugin.sources.android.AndroidVariantType;        : loaded 2 times (x 69B)
Class org.jetbrains.kotlin.gradle.plugin.sources.android.AndroidVariantType           : loaded 2 times (x 79B)
Class org.jetbrains.kotlin.gradle.plugin.mpp.KotlinTargetSoftwareComponent            : loaded 2 times (x 89B)
Class org.jetbrains.kotlin.gradle.plugin.mpp.KotlinVariant                            : loaded 2 times (x 101B)
Class org.jetbrains.kotlin.gradle.targets.native.ConfigureFrameworkExportSideEffectKt : loaded 2 times (x 71B)
Class org.jetbrains.kotlin.gradle.utils.WhenPluginEnabledKt                           : loaded 2 times (x 71B)
Class org.jetbrains.kotlin.tooling.core.ExtrasProperty                                : loaded 2 times (x 70B)
Class org.jetbrains.kotlin.gradle.plugin.VariantImplementationFactories               : loaded 2 times (x 75B)
Class com.google.common.cache.LocalCache$EntryFactory$2                               : loaded 2 times (x 83B)
Class org.gradle.api.internal.classpath.GlobalCacheRootsProvider                      : loaded 2 times (x 70B)
Class kotlin.Lazy                                                                     : loaded 2 times (x 70B)
Class kotlin.NoWhenBranchMatchedException                                             : loaded 2 times (x 82B)
Class org.jetbrains.kotlin.tooling.core.Extras$Entry$Companion                        : loaded 2 times (x 71B)
Class org.jetbrains.kotlin.gradle.targets.js.dsl.KotlinWasmWasiTargetDsl              : loaded 2 times (x 70B)
Class com.google.common.collect.CollectCollectors                                     : loaded 2 times (x 71B)
Class org.jetbrains.kotlin.gradle.plugin.diagnostics.checkers.DisabledNativeTargetsChecker: loaded 2 times (x 74B)
Class org.jetbrains.kotlin.gradle.plugin.mpp.compilationImpl.KotlinCreateSourcesJarTaskSideEffectKt$KotlinCreateSourcesJarTaskSideEffect$1: loaded 2 times (x 74B)
Class org.jetbrains.kotlin.gradle.internal.CompilerArgumentAware                      : loaded 2 times (x 70B)
Class org.jetbrains.kotlin.gradle.utils.ReportUtilsKt                                 : loaded 2 times (x 71B)
Class org.jetbrains.kotlin.gradle.utils.StoredLazyProperty                            : loaded 2 times (x 75B)
Class org.objectweb.asm.ModuleWriter                                                  : loaded 2 times (x 82B)
Class com.google.common.cache.LocalCache$EntryFactory$3                               : loaded 2 times (x 83B)
Class com.google.common.base.Ticker$1                                                 : loaded 2 times (x 72B)
Class com.google.common.collect.ImmutableMapEntrySet$RegularEntrySet                  : loaded 2 times (x 151B)
Class com.google.common.collect.Maps$BiMapConverter                                   : loaded 2 times (x 90B)
Class [Lkotlin.jvm.functions.Function1;                                               : loaded 2 times (x 69B)
Class build_109ts7kkllqp01y9r867ancus$_run_closure1$_closure3                         : loaded 2 times (x 139B)
Class Native_plugin_loader_gradle$NativePluginLoader                                  : loaded 2 times (x 72B)
Class net.rubygrapefruit.platform.internal.Platform$MacOs                             : loaded 2 times (x 82B)
Class net.rubygrapefruit.platform.internal.Platform$Window64Bit                       : loaded 2 times (x 79B)
Class com.google.common.collect.CollectSpliterators$1                                 : loaded 2 times (x 90B)
Class org.jetbrains.kotlin.gradle.plugin.statistics.KotlinBuildStatisticsUtilsKt      : loaded 2 times (x 71B)
Class org.jetbrains.kotlin.gradle.tasks.K2MultiplatformStructure_Decorated            : loaded 2 times (x 135B)
Class org.jetbrains.kotlin.compilerRunner.GradleCompilerRunner                        : loaded 2 times (x 73B)
Class com.google.common.collect.SetMultimap                                           : loaded 2 times (x 70B)
Class org.jetbrains.kotlin.gradle.dsl.AndroidMainSourceSetConventionsChecker$runChecks$1: loaded 2 times (x 88B)
Class org.jetbrains.kotlin.gradle.plugin.sources.FragmentConsistencyChecks            : loaded 2 times (x 72B)
Class org.jetbrains.kotlin.gradle.plugin.mpp.InternalKotlinTargetComponent            : loaded 2 times (x 93B)
Class org.jetbrains.kotlin.gradle.targets.CreateDefaultTestRunSideEffectKt$special$$inlined$KotlinTargetSideEffect$1: loaded 2 times (x 74B)
Class org.jetbrains.kotlin.gradle.utils.ProviderApiUtilsKt                            : loaded 2 times (x 71B)
Class org.jetbrains.kotlin.gradle.utils.PersistentCachesKt                            : loaded 2 times (x 71B)
Class org.jetbrains.kotlin.gradle.internal.tasks.TaskWithLocalState                   : loaded 2 times (x 70B)
Class org.jetbrains.kotlin.statistics.metrics.BooleanMetrics                          : loaded 2 times (x 80B)
Class com.google.common.cache.LocalCache$EntryFactory$4                               : loaded 2 times (x 83B)
Class com.google.common.collect.ImmutableSet$Builder                                  : loaded 2 times (x 85B)
Class com.google.common.base.CharMatcher$InRange                                      : loaded 2 times (x 111B)
Class kotlin.sequences.ConstrainedOnceSequence                                        : loaded 2 times (x 75B)
Class [Lorg.jetbrains.kotlin.gradle.plugin.diagnostics.ToolingDiagnostic$Severity;    : loaded 2 times (x 69B)
Class com.google.common.io.ByteStreams$1                                              : loaded 2 times (x 85B)
Class com.google.common.collect.ReverseOrdering                                       : loaded 2 times (x 115B)
Class org.jetbrains.kotlin.gradle.plugin.sources.KotlinDependencyScopeKt$WhenMappings : loaded 2 times (x 71B)
Class org.jetbrains.kotlin.gradle.tasks.K2MultiplatformCompilationTask                : loaded 2 times (x 70B)
Class org.jetbrains.kotlin.gradle.plugin.diagnostics.checkers.OverriddenKotlinNativeHomeChecker$StdlibExistenceCheckerValueSource$Inject: loaded 2 times (x 109B)
Class org.jetbrains.kotlin.gradle.utils.ConfigurationsKt$maybeCreateDependencyScope$1 : loaded 2 times (x 78B)
Class org.jetbrains.kotlin.gradle.plugin.sources.FragmentConsistencyChecks$languageVersionCheck$1: loaded 2 times (x 79B)
Class org.jetbrains.kotlin.gradle.plugin.mpp.DecoratedKotlinCompilation               : loaded 2 times (x 191B)
Class org.jetbrains.kotlin.gradle.plugin.diagnostics.checkers.ExperimentalTryNextUsageChecker: loaded 2 times (x 74B)
Class [Lorg.jetbrains.kotlin.gradle.plugin.KotlinPlatformType;                        : loaded 2 times (x 69B)
Class org.jetbrains.kotlin.gradle.plugin.statistics.UsesBuildFusService               : loaded 2 times (x 70B)
Class org.jetbrains.kotlin.gradle.plugin.statistics.old.Pre232IdeaKotlinBuildStatsBeanService: loaded 2 times (x 95B)
Class org.jetbrains.kotlin.statistics.metrics.NumberOverridePolicy$AVERAGE            : loaded 2 times (x 85B)
Class org.jetbrains.kotlin.gradle.plugin.VariantImplementationFactories$Parameters$Inject: loaded 2 times (x 106B)
Class com.google.common.cache.LocalCache$EntryFactory$5                               : loaded 2 times (x 83B)
Class kotlin.jvm.internal.markers.KMappedMarker                                       : loaded 2 times (x 70B)
Class kotlin.NotImplementedError                                                      : loaded 2 times (x 82B)
Class com.google.common.collect.HashMultimap                                          : loaded 2 times (x 174B)
Class org.jetbrains.kotlin.gradle.plugin.mpp.MppSourcesJarKt$sourcesJarTaskNamed$result$1: loaded 2 times (x 79B)
Class org.jetbrains.kotlin.gradle.tasks.configuration.BaseKotlinCompileConfig$1       : loaded 2 times (x 79B)
Class org.jetbrains.kotlin.gradle.plugin.UsesBuildFinishedListenerService             : loaded 2 times (x 70B)
Class org.jetbrains.kotlin.gradle.targets.js.dsl.KotlinWasmJsTargetDsl                : loaded 2 times (x 70B)
Class org.jetbrains.kotlin.gradle.plugin.mpp.compilationImpl.factory.ConfigurationNaming$Default: loaded 2 times (x 75B)
Class org.jetbrains.kotlin.gradle.plugin.mpp.compilationImpl.KotlinCompilationSourceSetInclusion: loaded 2 times (x 72B)
Class org.jetbrains.kotlin.gradle.targets.jvm.KotlinJvmTarget                         : loaded 2 times (x 170B)
Class org.jetbrains.kotlin.gradle.plugin.diagnostics.checkers.DisabledNativeTargetsChecker$runChecks$1: loaded 2 times (x 88B)
Class org.jetbrains.kotlin.gradle.plugin.KotlinPluginLifecycleImpl$await$2$1          : loaded 2 times (x 79B)
Class org.jetbrains.kotlin.gradle.plugin.sources.DefaultLanguageSettingsBuilder       : loaded 2 times (x 100B)
Class org.jetbrains.kotlin.gradle.plugin.sources.FragmentConsistencyChecks$languageVersionCheck$2: loaded 2 times (x 78B)
Class org.jetbrains.kotlin.gradle.targets.CreateTargetConfigurationsSideEffectKt$CreateTargetConfigurationsSideEffect$1: loaded 2 times (x 74B)
Class org.jetbrains.kotlin.gradle.dsl.KotlinTargetContainerWithPresetFunctions        : loaded 2 times (x 70B)
Class org.jetbrains.kotlin.gradle.utils.GradleConfigurationUtilsKt                    : loaded 2 times (x 71B)
Class org.jetbrains.kotlin.gradle.plugin.internal.CustomPropertiesFileValueSource$Parameters: loaded 2 times (x 70B)
Class com.google.common.cache.LocalCache$EntryFactory$6                               : loaded 2 times (x 83B)
Class org.gradle.internal.installation.CurrentGradleInstallationLocator               : loaded 2 times (x 71B)
Class com.google.common.io.ByteSource$SlicedByteSource                                : loaded 2 times (x 85B)
Class net.rubygrapefruit.platform.internal.jni.WindowsHandleFunctions                 : loaded 2 times (x 71B)
Class com.google.common.collect.ImmutableMultimap$Builder                             : loaded 2 times (x 83B)
Class org.jetbrains.kotlin.statistics.metrics.SumMetricContainer                      : loaded 2 times (x 80B)
Class org.jetbrains.kotlin.gradle.tasks.DefaultKotlinJavaToolchain$getToolsJarFromJvm$1: loaded 2 times (x 75B)
Class org.jetbrains.kotlin.build.report.metrics.GcMetrics                             : loaded 2 times (x 72B)
Class org.jetbrains.kotlin.gradle.plugin.diagnostics.UsesKotlinToolingDiagnosticsKt   : loaded 2 times (x 71B)
Class org.jetbrains.kotlin.gradle.tasks.configuration.BaseKotlinCompileConfig$2       : loaded 2 times (x 79B)
Class com.google.common.collect.Maps$KeySet                                           : loaded 2 times (x 137B)
Class org.jetbrains.kotlin.gradle.plugin.mpp.InternalKotlinCompilation                : loaded 2 times (x 70B)
Class org.jetbrains.kotlin.gradle.utils.WhenEvaluatedKt                               : loaded 2 times (x 71B)
Class org.jetbrains.kotlin.gradle.targets.native.internal.AddKotlinPlatformIntegersSupportLibraryKt: loaded 2 times (x 71B)
Class org.jetbrains.kotlin.gradle.plugin.AbstractKotlinJsPluginWrapper                : loaded 2 times (x 87B)
Class org.jetbrains.kotlin.gradle.plugin.KotlinPluginWrapperKt                        : loaded 2 times (x 71B)
Class com.google.common.cache.LocalCache$EntryFactory$7                               : loaded 2 times (x 83B)
Class com.google.common.collect.ImmutableSet$EmptySetBuilderImpl                      : loaded 2 times (x 76B)
Class com.google.common.collect.ImmutableList                                         : loaded 2 times (x 206B)
Class org.gradle.internal.service.DefaultServiceLocator                               : loaded 2 times (x 83B)
Class com.google.common.cache.LocalCache$SoftValueReference                           : loaded 2 times (x 97B)
Class com.google.common.collect.ImmutableMultimap$EntryCollection                     : loaded 2 times (x 127B)
Class com.google.common.collect.ComparisonChain$InactiveComparisonChain               : loaded 2 times (x 80B)
Class com.google.common.collect.Maps$EntrySet                                         : loaded 2 times (x 136B)
Class org.jetbrains.kotlin.gradle.tasks.KotlinCompile$scriptExtensions$1              : loaded 2 times (x 79B)
Class org.jetbrains.kotlin.gradle.tasks.K2MultiplatformStructure$Fragment             : loaded 2 times (x 72B)
Class org.jetbrains.kotlin.compilerRunner.CompilerSystemPropertiesService$Companion$registerIfAbsent$1: loaded 2 times (x 75B)
Class org.jetbrains.kotlin.util.capitalizeDecapitalize.CapitalizeDecapitalizeKt       : loaded 2 times (x 71B)
Class org.jetbrains.kotlin.gradle.plugin.diagnostics.checkers.AndroidPluginWithoutAndroidTargetChecker: loaded 2 times (x 74B)
Class org.jetbrains.kotlin.statistics.metrics.NumberOverridePolicy                    : loaded 2 times (x 85B)
Class org.jetbrains.kotlin.statistics.metrics.StringAnonymizationPolicy$AllowedListAnonymizer$Companion: loaded 2 times (x 71B)
Class org.jetbrains.kotlin.gradle.plugin.internal.DefaultProjectIsolationStartParameterAccessor_Decorated: loaded 2 times (x 125B)
Class org.jetbrains.kotlin.gradle.plugin.internal.ProjectIsolationStartParameterAccessorKt: loaded 2 times (x 71B)
Class org.jetbrains.kotlin.gradle.testing.internal.KotlinTestsRegistry                : loaded 2 times (x 72B)
Class com.google.common.cache.LocalCache$EntryFactory$8                               : loaded 2 times (x 83B)
Class com.google.common.collect.ImmutableSet$SetBuilderImpl                           : loaded 2 times (x 76B)
Class org.gradle.internal.installation.CurrentGradleInstallation                      : loaded 2 times (x 73B)
Class com.google.common.collect.ForwardingObject                                      : loaded 2 times (x 72B)
Class org.jetbrains.kotlin.gradle.plugin.statistics.FusMetrics                        : loaded 2 times (x 70B)
Class org.jetbrains.kotlin.gradle.tasks.KotlinCompilerExecutionStrategy               : loaded 2 times (x 79B)
Class org.jetbrains.kotlin.gradle.plugin.mpp.InternalKotlinCompilationKt$awaitAllKotlinSourceSets$1: loaded 2 times (x 88B)
Class org.jetbrains.kotlin.gradle.plugin.sources.DefaultKotlinSourceSet$special$$inlined$Iterable$1: loaded 2 times (x 79B)
Class org.jetbrains.kotlin.gradle.plugin.mpp.compilationImpl.factory.KotlinCompilationImplFactory$KotlinCompilerOptionsFactory$Options: loaded 2 times (x 72B)
Class org.jetbrains.kotlin.gradle.plugin.KotlinCompilation                            : loaded 2 times (x 70B)
Class org.jetbrains.kotlin.gradle.plugin.KotlinTargetConfiguratorKt                   : loaded 2 times (x 71B)
Class org.jetbrains.kotlin.tooling.core.Extras$Type$Companion                         : loaded 2 times (x 71B)
Class com.google.common.cache.CacheLoader$1                                           : loaded 2 times (x 75B)
Class com.google.common.collect.ImmutableList$SubList                                 : loaded 2 times (x 208B)
Class org.gradle.util.internal.GUtil                                                  : loaded 2 times (x 71B)
Class kotlin.io.NoSuchFileException                                                   : loaded 2 times (x 82B)
Class kotlin.collections.CollectionsKt                                                : loaded 2 times (x 71B)
Class com.google.common.io.ByteSource                                                 : loaded 2 times (x 84B)
Class org.jetbrains.kotlin.gradle.plugin.mpp.InternalKotlinTargetKt$isSourcesPublishableFuture$2: loaded 2 times (x 95B)
Class org.jetbrains.kotlin.gradle.plugin.mpp.KotlinCompilationFactory                 : loaded 2 times (x 70B)
Class org.jetbrains.kotlin.gradle.dsl.IosSourceSetConventionChecker$runChecks$1       : loaded 2 times (x 88B)
Class org.jetbrains.kotlin.gradle.plugin.mpp.AbstractKotlinCompilation                : loaded 2 times (x 191B)
Class org.jetbrains.kotlin.gradle.plugin.diagnostics.checkers.UnusedSourceSetsChecker : loaded 2 times (x 74B)
Class org.jetbrains.kotlin.gradle.utils.Future                                        : loaded 2 times (x 70B)
Class org.jetbrains.kotlin.gradle.plugin.statistics.KotlinBuildStatsConfiguration$Companion: loaded 2 times (x 71B)
Class com.google.common.util.concurrent.AbstractFuture$SetFuture                      : loaded 2 times (x 75B)
Class com.google.common.cache.AbstractCache$StatsCounter                              : loaded 2 times (x 70B)
Class com.google.common.io.LineBuffer                                                 : loaded 2 times (x 75B)
Class com.google.common.collect.MapMakerInternalMap$1                                 : loaded 2 times (x 83B)
Class org.jetbrains.kotlin.gradle.plugin.mpp.KotlinTargetSoftwareComponentImplKt      : loaded 2 times (x 71B)
Class org.jetbrains.kotlin.gradle.targets.js.dsl.KotlinJsSubTargetContainerDsl        : loaded 2 times (x 70B)
Class org.jetbrains.kotlin.tooling.core.MutableExtrasImpl$Companion                   : loaded 2 times (x 71B)
Class org.jetbrains.kotlin.gradle.plugin.KotlinGradleBuildServices$Companion$registerIfAbsent$1: loaded 2 times (x 75B)
Class org.jetbrains.kotlin.statistics.fileloggers.MetricsContainer                    : loaded 2 times (x 77B)
Class org.jetbrains.kotlin.gradle.plugin.internal.ProjectIsolationStartParameterAccessor: loaded 2 times (x 70B)
Class org.jetbrains.kotlin.gradle.utils.StoredProperty                                : loaded 2 times (x 70B)
Class com.google.common.collect.Iterators$MergingIterator                             : loaded 2 times (x 81B)
Class com.google.common.collect.RegularImmutableSet                                   : loaded 2 times (x 148B)
Class org.gradle.internal.installation.GradleInstallation                             : loaded 2 times (x 75B)
Class kotlin.collections.CollectionsKt__IteratorsJVMKt$iterator$1                     : loaded 2 times (x 79B)
Class com.google.common.collect.ForwardingCollection                                  : loaded 2 times (x 130B)
Class com.google.common.collect.LexicographicalOrdering                               : loaded 2 times (x 115B)
Class org.jetbrains.kotlin.gradle.dsl.KotlinJvmCompile$DefaultImpls                   : loaded 2 times (x 71B)
Class com.google.common.collect.ElementTypesAreNonnullByDefault                       : loaded 2 times (x 70B)
Class org.jetbrains.kotlin.gradle.plugin.mpp.compilationImpl.factory.KotlinCompilationImplFactory$create$1: loaded 2 times (x 75B)
Class org.jetbrains.kotlin.gradle.tasks.KotlinJavaToolchain                           : loaded 2 times (x 70B)
Class org.jetbrains.kotlin.gradle.plugin.AndroidGradlePluginVersion                   : loaded 2 times (x 75B)
Class org.jetbrains.kotlin.statistics.metrics.BooleanMetrics$Companion                : loaded 2 times (x 71B)
Class org.jetbrains.kotlin.gradle.plugin.internal.CompatibilityConventionRegistrar    : loaded 2 times (x 70B)
Class com.google.common.collect.Iterables                                             : loaded 2 times (x 71B)
Class com.google.common.base.Splitter$Strategy                                        : loaded 2 times (x 70B)
Class build_9yv9mepjnulh4f151d4lphh5i$_run_closure1                                   : loaded 2 times (x 139B)
Class org.jetbrains.kotlin.gradle.plugin.mpp.KotlinJvmCompilation                     : loaded 2 times (x 200B)
Class org.jetbrains.kotlin.gradle.plugin.KotlinCompilation$Companion                  : loaded 2 times (x 71B)
Class com.google.common.collect.Lists$RandomAccessReverseList                         : loaded 2 times (x 200B)
Class org.jetbrains.kotlin.gradle.plugin.diagnostics.checkers.OverriddenKotlinNativeHomeChecker: loaded 2 times (x 74B)
Class org.jetbrains.kotlin.gradle.artifacts.KotlinJvmJarArtifactKt$KotlinJvmJarArtifact$1: loaded 2 times (x 74B)
Class org.jetbrains.kotlin.gradle.targets.native.SetupEmbedAndSignAppleFrameworkTaskSideEffectKt: loaded 2 times (x 71B)
Class org.jetbrains.kotlin.gradle.plugin.KotlinProjectSetupActionKt$KotlinProjectSetupCoroutine$1: loaded 2 times (x 75B)
Class org.jetbrains.kotlin.gradle.dsl.ToolchainSupport$Companion                      : loaded 2 times (x 71B)
Class org.jetbrains.kotlin.gradle.plugin.KotlinSourceSet                              : loaded 2 times (x 70B)

---------------  S Y S T E M  ---------------

OS:
 Windows 11 , 64 bit Build 26100 (10.0.26100.8521)
OS uptime: 1 days 9:22 hours
Hyper-V role detected

CPU: total 16 (initial active 16) (8 cores per cpu, 2 threads per core) family 6 model 154 stepping 3 microcode 0x434, cx8, cmov, fxsr, ht, mmx, 3dnowpref, sse, sse2, sse3, ssse3, sse4.1, sse4.2, popcnt, lzcnt, tsc, tscinvbit, avx, avx2, aes, erms, clmul, bmi1, bmi2, adx, sha, fma, vzeroupper, clflush, clflushopt, clwb, hv, serialize, rdtscp, rdpid, fsrm, f16c, cet_ibt, cet_ss
Processor Information for processor 0
  Max Mhz: 2300, Current Mhz: 2300, Mhz Limit: 2300
Processor Information for processor 1
  Max Mhz: 2300, Current Mhz: 2300, Mhz Limit: 2300
Processor Information for processor 2
  Max Mhz: 2300, Current Mhz: 2300, Mhz Limit: 2300
Processor Information for processor 3
  Max Mhz: 2300, Current Mhz: 2300, Mhz Limit: 2300
Processor Information for processor 4
  Max Mhz: 2300, Current Mhz: 2300, Mhz Limit: 2300
Processor Information for processor 5
  Max Mhz: 2300, Current Mhz: 2300, Mhz Limit: 2300
Processor Information for processor 6
  Max Mhz: 2300, Current Mhz: 1506, Mhz Limit: 2300
Processor Information for processor 7
  Max Mhz: 2300, Current Mhz: 2300, Mhz Limit: 2300
Processor Information for processor 8
  Max Mhz: 2300, Current Mhz: 2300, Mhz Limit: 2300
Processor Information for processor 9
  Max Mhz: 2300, Current Mhz: 2300, Mhz Limit: 2300
Processor Information for processor 10
  Max Mhz: 2300, Current Mhz: 1506, Mhz Limit: 2300
Processor Information for processor 11
  Max Mhz: 2300, Current Mhz: 2300, Mhz Limit: 2300
Processor Information for processor 12
  Max Mhz: 2300, Current Mhz: 2300, Mhz Limit: 2300
Processor Information for processor 13
  Max Mhz: 2300, Current Mhz: 2300, Mhz Limit: 2300
Processor Information for processor 14
  Max Mhz: 2300, Current Mhz: 2300, Mhz Limit: 2300
Processor Information for processor 15
  Max Mhz: 2300, Current Mhz: 1488, Mhz Limit: 2300

Memory: 4k page, system-wide physical 16024M (135M free)
TotalPageFile size 49632M (AvailPageFile size 1050M)
current process WorkingSet (physical memory assigned to process): 948M, peak: 2643M
current process commit charge ("private bytes"): 2963M, peak: 4596M

vm_info: OpenJDK 64-Bit Server VM (21.0.10+-14961533-b1163.108) for windows-amd64 JRE (21.0.10+-14961533-b1163.108), built on 2026-03-02T19:58:50Z by "builder" with MS VC++ 16.10 / 16.11 (VS2019)

END.
